date,region,indicator_name,indicator_value,frequency,unit,source_name,source_url,note
2010-02-28,四川省,房地产开发投资_同比增速,38.1,monthly,%,四川省统计局,https://data.stats.gov.cn,
2010-02-28,四川省,房地产开发投资_累计值,189.56,monthly,亿元,四川省统计局,https://data.stats.gov.cn,
2010-02-28,四川省,社会消费品零售总额_同比增速,18.3,monthly,%,四川省统计局,https://data.stats.gov.cn,
2010-02-28,四川省,社会消费品零售总额_累计值,1011.34,monthly,亿元,四川省统计局,https://data.stats.gov.cn,
2010-02-28,四川省,规模以上工业增加值_同比增速,32.1,monthly,%,四川省统计局,https://data.stats.gov.cn,
2010-03-31,四川省,房地产开发投资_同比增速,43.0,monthly,%,四川省统计局,https://data.stats.gov.cn,
2010-03-31,四川省,房地产开发投资_累计值,393.08,monthly,亿元,四川省统计局,https://data.stats.gov.cn,
2010-03-31,四川省,社会消费品零售总额_同比增速,18.2,monthly,%,四川省统计局,https://data.stats.gov.cn,
2010-03-31,四川省,社会消费品零售总额_累计值,1532.69,monthly,亿元,四川省统计局,https://data.stats.gov.cn,
2010-03-31,四川省,规模以上工业增加值_同比增速,30.4,monthly,%,四川省统计局,https://data.stats.gov.cn,
2010-04-30,四川省,房地产开发投资_同比增速,42.9,monthly,%,四川省统计局,https://data.stats.gov.cn,
2010-04-30,四川省,房地产开发投资_累计值,545.61,monthly,亿元,四川省统计局,https://data.stats.gov.cn,
2010-04-30,四川省,社会消费品零售总额_同比增速,18.4,monthly,%,四川省统计局,https://data.stats.gov.cn,
2010-04-30,四川省,社会消费品零售总额_累计值,2056.71,monthly,亿元,四川省统计局,https://data.stats.gov.cn,
2010-04-30,四川省,规模以上工业增加值_同比增速,28.1,monthly,%,四川省统计局,https://data.stats.gov.cn,
2010-05-31,四川省,房地产开发投资_同比增速,42.1,monthly,%,四川省统计局,https://data.stats.gov.cn,
2010-05-31,四川省,房地产开发投资_累计值,697.94,monthly,亿元,四川省统计局,https://data.stats.gov.cn,
2010-05-31,四川省,社会消费品零售总额_同比增速,18.5,monthly,%,四川省统计局,https://data.stats.gov.cn,
2010-05-31,四川省,社会消费品零售总额_累计值,2613.31,monthly,亿元,四川省统计局,https://data.stats.gov.cn,
2010-05-31,四川省,规模以上工业增加值_同比增速,28.0,monthly,%,四川省统计局,https://data.stats.gov.cn,
2010-06-30,四川省,房地产开发投资_同比增速,43.7,monthly,%,四川省统计局,https://data.stats.gov.cn,
2010-06-30,四川省,房地产开发投资_累计值,942.69,monthly,亿元,四川省统计局,https://data.stats.gov.cn,
2010-06-30,四川省,社会消费品零售总额_同比增速,18.5,monthly,%,四川省统计局,https://data.stats.gov.cn,
2010-06-30,四川省,社会消费品零售总额_累计值,3143.36,monthly,亿元,四川省统计局,https://data.stats.gov.cn,
2010-06-30,四川省,规模以上工业增加值_同比增速,27.6,monthly,%,四川省统计局,https://data.stats.gov.cn,
2010-07-31,四川省,房地产开发投资_同比增速,43.6,monthly,%,四川省统计局,https://data.stats.gov.cn,
2010-07-31,四川省,房地产开发投资_累计值,1116.98,monthly,亿元,四川省统计局,https://data.stats.gov.cn,
2010-07-31,四川省,社会消费品零售总额_同比增速,18.5,monthly,%,四川省统计局,https://data.stats.gov.cn,
2010-07-31,四川省,社会消费品零售总额_累计值,3685.82,monthly,亿元,四川省统计局,https://data.stats.gov.cn,
2010-07-31,四川省,规模以上工业增加值_同比增速,25.2,monthly,%,四川省统计局,https://data.stats.gov.cn,
2010-08-31,四川省,房地产开发投资_同比增速,43.5,monthly,%,四川省统计局,https://data.stats.gov.cn,
2010-08-31,四川省,房地产开发投资_累计值,1316.21,monthly,亿元,四川省统计局,https://data.stats.gov.cn,
2010-08-31,四川省,社会消费品零售总额_同比增速,18.4,monthly,%,四川省统计局,https://data.stats.gov.cn,
2010-08-31,四川省,社会消费品零售总额_累计值,4223.37,monthly,亿元,四川省统计局,https://data.stats.gov.cn,
2010-08-31,四川省,规模以上工业增加值_同比增速,24.8,monthly,%,四川省统计局,https://data.stats.gov.cn,
2010-09-30,四川省,房地产开发投资_同比增速,42.7,monthly,%,四川省统计局,https://data.stats.gov.cn,
2010-09-30,四川省,房地产开发投资_累计值,1531.47,monthly,亿元,四川省统计局,https://data.stats.gov.cn,
2010-09-30,四川省,社会消费品零售总额_同比增速,18.4,monthly,%,四川省统计局,https://data.stats.gov.cn,
2010-09-30,四川省,社会消费品零售总额_累计值,4794.98,monthly,亿元,四川省统计局,https://data.stats.gov.cn,
2010-09-30,四川省,规模以上工业增加值_同比增速,24.1,monthly,%,四川省统计局,https://data.stats.gov.cn,
2010-10-31,四川省,房地产开发投资_同比增速,41.5,monthly,%,四川省统计局,https://data.stats.gov.cn,
2010-10-31,四川省,房地产开发投资_累计值,1727.32,monthly,亿元,四川省统计局,https://data.stats.gov.cn,
2010-10-31,四川省,社会消费品零售总额_同比增速,18.5,monthly,%,四川省统计局,https://data.stats.gov.cn,
2010-10-31,四川省,社会消费品零售总额_累计值,5409.87,monthly,亿元,四川省统计局,https://data.stats.gov.cn,
2010-10-31,四川省,规模以上工业增加值_同比增速,24.0,monthly,%,四川省统计局,https://data.stats.gov.cn,
2010-11-30,四川省,房地产开发投资_同比增速,41.6,monthly,%,四川省统计局,https://data.stats.gov.cn,
2010-11-30,四川省,房地产开发投资_累计值,1943.4,monthly,亿元,四川省统计局,https://data.stats.gov.cn,
2010-11-30,四川省,社会消费品零售总额_同比增速,18.5,monthly,%,四川省统计局,https://data.stats.gov.cn,
2010-11-30,四川省,社会消费品零售总额_累计值,5982.5,monthly,亿元,四川省统计局,https://data.stats.gov.cn,
2010-11-30,四川省,规模以上工业增加值_同比增速,23.7,monthly,%,四川省统计局,https://data.stats.gov.cn,
2010-12-31,四川省,房地产开发投资_同比增速,38.2,monthly,%,四川省统计局,https://data.stats.gov.cn,
2010-12-31,四川省,房地产开发投资_累计值,2194.63,monthly,亿元,四川省统计局,https://data.stats.gov.cn,
2010-12-31,四川省,社会消费品零售总额_同比增速,18.7,monthly,%,四川省统计局,https://data.stats.gov.cn,
2010-12-31,四川省,社会消费品零售总额_累计值,6634.72,monthly,亿元,四川省统计局,https://data.stats.gov.cn,
2010-12-31,四川省,规模以上工业增加值_同比增速,23.5,monthly,%,四川省统计局,https://data.stats.gov.cn,
2011-02-28,四川省,房地产开发投资_同比增速,50.7,monthly,%,四川省统计局,https://data.stats.gov.cn,
2011-02-28,四川省,房地产开发投资_累计值,285.75,monthly,亿元,四川省统计局,https://data.stats.gov.cn,
2011-02-28,四川省,规模以上工业增加值_同比增速,22.2,monthly,%,四川省统计局,https://data.stats.gov.cn,
2011-03-31,四川省,房地产开发投资_同比增速,36.0,monthly,%,四川省统计局,https://data.stats.gov.cn,
2011-03-31,四川省,房地产开发投资_累计值,534.73,monthly,亿元,四川省统计局,https://data.stats.gov.cn,
2011-03-31,四川省,社会消费品零售总额_同比增速,17.0,monthly,%,四川省统计局,https://data.stats.gov.cn,
2011-03-31,四川省,社会消费品零售总额_累计值,1793.12,monthly,亿元,四川省统计局,https://data.stats.gov.cn,
2011-03-31,四川省,规模以上工业增加值_同比增速,22.0,monthly,%,四川省统计局,https://data.stats.gov.cn,
2011-04-30,四川省,房地产开发投资_同比增速,36.0,monthly,%,四川省统计局,https://data.stats.gov.cn,
2011-04-30,四川省,房地产开发投资_累计值,741.99,monthly,亿元,四川省统计局,https://data.stats.gov.cn,
2011-04-30,四川省,社会消费品零售总额_同比增速,17.4,monthly,%,四川省统计局,https://data.stats.gov.cn,
2011-04-30,四川省,社会消费品零售总额_累计值,2415.53,monthly,亿元,四川省统计局,https://data.stats.gov.cn,
2011-04-30,四川省,规模以上工业增加值_同比增速,21.1,monthly,%,四川省统计局,https://data.stats.gov.cn,
2011-05-31,四川省,房地产开发投资_同比增速,40.4,monthly,%,四川省统计局,https://data.stats.gov.cn,
2011-05-31,四川省,房地产开发投资_累计值,979.76,monthly,亿元,四川省统计局,https://data.stats.gov.cn,
2011-05-31,四川省,社会消费品零售总额_同比增速,17.8,monthly,%,四川省统计局,https://data.stats.gov.cn,
2011-05-31,四川省,社会消费品零售总额_累计值,3077.88,monthly,亿元,四川省统计局,https://data.stats.gov.cn,
2011-05-31,四川省,规模以上工业增加值_同比增速,21.3,monthly,%,四川省统计局,https://data.stats.gov.cn,
2011-06-30,四川省,房地产开发投资_同比增速,35.7,monthly,%,四川省统计局,https://data.stats.gov.cn,
2011-06-30,四川省,房地产开发投资_累计值,1278.95,monthly,亿元,四川省统计局,https://data.stats.gov.cn,
2011-06-30,四川省,社会消费品零售总额_同比增速,17.95,monthly,%,四川省统计局,https://data.stats.gov.cn,
2011-06-30,四川省,社会消费品零售总额_累计值,3707.71,monthly,亿元,四川省统计局,https://data.stats.gov.cn,
2011-06-30,四川省,规模以上工业增加值_同比增速,21.6,monthly,%,四川省统计局,https://data.stats.gov.cn,
2011-07-31,四川省,房地产开发投资_同比增速,35.4,monthly,%,四川省统计局,https://data.stats.gov.cn,
2011-07-31,四川省,房地产开发投资_累计值,1511.87,monthly,亿元,四川省统计局,https://data.stats.gov.cn,
2011-07-31,四川省,社会消费品零售总额_同比增速,17.9,monthly,%,四川省统计局,https://data.stats.gov.cn,
2011-07-31,四川省,社会消费品零售总额_累计值,4346.15,monthly,亿元,四川省统计局,https://data.stats.gov.cn,
2011-07-31,四川省,规模以上工业增加值_同比增速,21.8,monthly,%,四川省统计局,https://data.stats.gov.cn,
2011-08-31,四川省,房地产开发投资_同比增速,34.1,monthly,%,四川省统计局,https://data.stats.gov.cn,
2011-08-31,四川省,房地产开发投资_累计值,1765.13,monthly,亿元,四川省统计局,https://data.stats.gov.cn,
2011-08-31,四川省,社会消费品零售总额_同比增速,17.8,monthly,%,四川省统计局,https://data.stats.gov.cn,
2011-08-31,四川省,社会消费品零售总额_累计值,4975.75,monthly,亿元,四川省统计局,https://data.stats.gov.cn,
2011-08-31,四川省,规模以上工业增加值_同比增速,22.2,monthly,%,四川省统计局,https://data.stats.gov.cn,
2011-09-30,四川省,房地产开发投资_同比增速,32.3,monthly,%,四川省统计局,https://data.stats.gov.cn,
2011-09-30,四川省,房地产开发投资_累计值,2026.02,monthly,亿元,四川省统计局,https://data.stats.gov.cn,
2011-09-30,四川省,社会消费品零售总额_同比增速,17.9,monthly,%,四川省统计局,https://data.stats.gov.cn,
2011-09-30,四川省,社会消费品零售总额_累计值,5653.1,monthly,亿元,四川省统计局,https://data.stats.gov.cn,
2011-09-30,四川省,规模以上工业增加值_同比增速,22.4,monthly,%,四川省统计局,https://data.stats.gov.cn,
2011-10-31,四川省,房地产开发投资_同比增速,31.5,monthly,%,四川省统计局,https://data.stats.gov.cn,
2011-10-31,四川省,房地产开发投资_累计值,2270.86,monthly,亿元,四川省统计局,https://data.stats.gov.cn,
2011-10-31,四川省,社会消费品零售总额_同比增速,17.9,monthly,%,四川省统计局,https://data.stats.gov.cn,
2011-10-31,四川省,社会消费品零售总额_累计值,6378.33,monthly,亿元,四川省统计局,https://data.stats.gov.cn,
2011-10-31,四川省,规模以上工业增加值_同比增速,22.2,monthly,%,四川省统计局,https://data.stats.gov.cn,
2011-11-30,四川省,房地产开发投资_同比增速,30.4,monthly,%,四川省统计局,https://data.stats.gov.cn,
2011-11-30,四川省,房地产开发投资_累计值,2534.39,monthly,亿元,四川省统计局,https://data.stats.gov.cn,
2011-11-30,四川省,社会消费品零售总额_同比增速,18.0,monthly,%,四川省统计局,https://data.stats.gov.cn,
2011-11-30,四川省,社会消费品零售总额_累计值,7056.48,monthly,亿元,四川省统计局,https://data.stats.gov.cn,
2011-11-30,四川省,规模以上工业增加值_同比增速,22.1,monthly,%,四川省统计局,https://data.stats.gov.cn,
2011-12-31,四川省,房地产开发投资_同比增速,29.3,monthly,%,四川省统计局,https://data.stats.gov.cn,
2011-12-31,四川省,房地产开发投资_累计值,2836.71,monthly,亿元,四川省统计局,https://data.stats.gov.cn,
2011-12-31,四川省,社会消费品零售总额_同比增速,18.1,monthly,%,四川省统计局,https://data.stats.gov.cn,
2011-12-31,四川省,社会消费品零售总额_累计值,7837.38,monthly,亿元,四川省统计局,https://data.stats.gov.cn,
2011-12-31,四川省,规模以上工业增加值_同比增速,22.3,monthly,%,四川省统计局,https://data.stats.gov.cn,
2012-02-29,四川省,房地产开发投资_同比增速,21.0,monthly,%,四川省统计局,https://data.stats.gov.cn,
2012-02-29,四川省,房地产开发投资_累计值,345.67,monthly,亿元,四川省统计局,https://data.stats.gov.cn,
2012-02-29,四川省,社会消费品零售总额_同比增速,16.8,monthly,%,四川省统计局,https://data.stats.gov.cn,
2012-02-29,四川省,社会消费品零售总额_累计值,1376.72,monthly,亿元,四川省统计局,https://data.stats.gov.cn,
2012-02-29,四川省,规模以上工业增加值_同比增速,17.7,monthly,%,四川省统计局,https://data.stats.gov.cn,
2012-03-31,四川省,房地产开发投资_同比增速,24.4,monthly,%,四川省统计局,https://data.stats.gov.cn,
2012-03-31,四川省,房地产开发投资_累计值,665.33,monthly,亿元,四川省统计局,https://data.stats.gov.cn,
2012-03-31,四川省,社会消费品零售总额_同比增速,16.7,monthly,%,四川省统计局,https://data.stats.gov.cn,
2012-03-31,四川省,社会消费品零售总额_累计值,2092.6,monthly,亿元,四川省统计局,https://data.stats.gov.cn,
2012-03-31,四川省,规模以上工业增加值_同比增速,17.8,monthly,%,四川省统计局,https://data.stats.gov.cn,
2012-04-30,四川省,房地产开发投资_同比增速,22.9,monthly,%,四川省统计局,https://data.stats.gov.cn,
2012-04-30,四川省,房地产开发投资_累计值,911.77,monthly,亿元,四川省统计局,https://data.stats.gov.cn,
2012-04-30,四川省,社会消费品零售总额_同比增速,16.2,monthly,%,四川省统计局,https://data.stats.gov.cn,
2012-04-30,四川省,社会消费品零售总额_累计值,2807.05,monthly,亿元,四川省统计局,https://data.stats.gov.cn,
2012-04-30,四川省,规模以上工业增加值_同比增速,17.3,monthly,%,四川省统计局,https://data.stats.gov.cn,
2012-05-31,四川省,房地产开发投资_同比增速,21.9,monthly,%,四川省统计局,https://data.stats.gov.cn,
2012-05-31,四川省,房地产开发投资_累计值,1193.99,monthly,亿元,四川省统计局,https://data.stats.gov.cn,
2012-05-31,四川省,社会消费品零售总额_同比增速,15.9,monthly,%,四川省统计局,https://data.stats.gov.cn,
2012-05-31,四川省,社会消费品零售总额_累计值,3568.09,monthly,亿元,四川省统计局,https://data.stats.gov.cn,
2012-05-31,四川省,规模以上工业增加值_同比增速,16.9,monthly,%,四川省统计局,https://data.stats.gov.cn,
2012-06-30,四川省,房地产开发投资_同比增速,21.3,monthly,%,四川省统计局,https://data.stats.gov.cn,
2012-06-30,四川省,房地产开发投资_累计值,1551.48,monthly,亿元,四川省统计局,https://data.stats.gov.cn,
2012-06-30,四川省,社会消费品零售总额_同比增速,15.9,monthly,%,四川省统计局,https://data.stats.gov.cn,
2012-06-30,四川省,社会消费品零售总额_累计值,4298.25,monthly,亿元,四川省统计局,https://data.stats.gov.cn,
2012-06-30,四川省,规模以上工业增加值_同比增速,16.6,monthly,%,四川省统计局,https://data.stats.gov.cn,
2012-07-31,四川省,房地产开发投资_同比增速,20.6,monthly,%,四川省统计局,https://data.stats.gov.cn,
2012-07-31,四川省,房地产开发投资_累计值,1823.05,monthly,亿元,四川省统计局,https://data.stats.gov.cn,
2012-07-31,四川省,社会消费品零售总额_同比增速,15.7,monthly,%,四川省统计局,https://data.stats.gov.cn,
2012-07-31,四川省,社会消费品零售总额_累计值,5026.94,monthly,亿元,四川省统计局,https://data.stats.gov.cn,
2012-07-31,四川省,规模以上工业增加值_同比增速,16.4,monthly,%,四川省统计局,https://data.stats.gov.cn,
2012-08-31,四川省,房地产开发投资_同比增速,17.5,monthly,%,四川省统计局,https://data.stats.gov.cn,
2012-08-31,四川省,房地产开发投资_累计值,2074.12,monthly,亿元,四川省统计局,https://data.stats.gov.cn,
2012-08-31,四川省,社会消费品零售总额_同比增速,15.5,monthly,%,四川省统计局,https://data.stats.gov.cn,
2012-08-31,四川省,社会消费品零售总额_累计值,5748.35,monthly,亿元,四川省统计局,https://data.stats.gov.cn,
2012-08-31,四川省,规模以上工业增加值_同比增速,16.2,monthly,%,四川省统计局,https://data.stats.gov.cn,
2012-09-30,四川省,房地产开发投资_同比增速,16.1,monthly,%,四川省统计局,https://data.stats.gov.cn,
2012-09-30,四川省,房地产开发投资_累计值,2352.58,monthly,亿元,四川省统计局,https://data.stats.gov.cn,
2012-09-30,四川省,社会消费品零售总额_同比增速,15.5,monthly,%,四川省统计局,https://data.stats.gov.cn,
2012-09-30,四川省,社会消费品零售总额_累计值,6527.85,monthly,亿元,四川省统计局,https://data.stats.gov.cn,
2012-09-30,四川省,规模以上工业增加值_同比增速,16.1,monthly,%,四川省统计局,https://data.stats.gov.cn,
2012-10-31,四川省,房地产开发投资_同比增速,16.5,monthly,%,四川省统计局,https://data.stats.gov.cn,
2012-10-31,四川省,房地产开发投资_累计值,2644.55,monthly,亿元,四川省统计局,https://data.stats.gov.cn,
2012-10-31,四川省,社会消费品零售总额_同比增速,15.7,monthly,%,四川省统计局,https://data.stats.gov.cn,
2012-10-31,四川省,社会消费品零售总额_累计值,7377.29,monthly,亿元,四川省统计局,https://data.stats.gov.cn,
2012-10-31,四川省,规模以上工业增加值_同比增速,16.1,monthly,%,四川省统计局,https://data.stats.gov.cn,
2012-11-30,四川省,房地产开发投资_同比增速,16.0,monthly,%,四川省统计局,https://data.stats.gov.cn,
2012-11-30,四川省,房地产开发投资_累计值,2939.5,monthly,亿元,四川省统计局,https://data.stats.gov.cn,
2012-11-30,四川省,社会消费品零售总额_同比增速,15.8,monthly,%,四川省统计局,https://data.stats.gov.cn,
2012-11-30,四川省,社会消费品零售总额_累计值,8170.05,monthly,亿元,四川省统计局,https://data.stats.gov.cn,
2012-11-30,四川省,规模以上工业增加值_同比增速,16.1,monthly,%,四川省统计局,https://data.stats.gov.cn,
2012-12-31,四川省,房地产开发投资_同比增速,15.9,monthly,%,四川省统计局,https://data.stats.gov.cn,
2012-12-31,四川省,房地产开发投资_累计值,3266.4,monthly,亿元,四川省统计局,https://data.stats.gov.cn,
2012-12-31,四川省,社会消费品零售总额_同比增速,15.96,monthly,%,四川省统计局,https://data.stats.gov.cn,
2012-12-31,四川省,社会消费品零售总额_累计值,9087.91,monthly,亿元,四川省统计局,https://data.stats.gov.cn,
2012-12-31,四川省,规模以上工业增加值_同比增速,16.1,monthly,%,四川省统计局,https://data.stats.gov.cn,
2013-02-28,四川省,房地产开发投资_同比增速,17.8,monthly,%,四川省统计局,https://data.stats.gov.cn,
2013-02-28,四川省,房地产开发投资_累计值,407.26,monthly,亿元,四川省统计局,https://data.stats.gov.cn,
2013-02-28,四川省,社会消费品零售总额_同比增速,13.5,monthly,%,四川省统计局,https://data.stats.gov.cn,
2013-02-28,四川省,社会消费品零售总额_累计值,1562.25,monthly,亿元,四川省统计局,https://data.stats.gov.cn,
2013-02-28,四川省,规模以上工业增加值_同比增速,11.7,monthly,%,四川省统计局,https://data.stats.gov.cn,
2013-03-31,四川省,房地产开发投资_同比增速,16.2,monthly,%,四川省统计局,https://data.stats.gov.cn,
2013-03-31,四川省,房地产开发投资_累计值,772.9,monthly,亿元,四川省统计局,https://data.stats.gov.cn,
2013-03-31,四川省,社会消费品零售总额_同比增速,13.5,monthly,%,四川省统计局,https://data.stats.gov.cn,
2013-03-31,四川省,社会消费品零售总额_累计值,2375.1,monthly,亿元,四川省统计局,https://data.stats.gov.cn,
2013-03-31,四川省,规模以上工业增加值_同比增速,11.8,monthly,%,四川省统计局,https://data.stats.gov.cn,
2013-04-30,四川省,房地产开发投资_同比增速,15.6,monthly,%,四川省统计局,https://data.stats.gov.cn,
2013-04-30,四川省,房地产开发投资_累计值,1053.69,monthly,亿元,四川省统计局,https://data.stats.gov.cn,
2013-04-30,四川省,社会消费品零售总额_同比增速,13.5,monthly,%,四川省统计局,https://data.stats.gov.cn,
2013-04-30,四川省,社会消费品零售总额_累计值,3185.53,monthly,亿元,四川省统计局,https://data.stats.gov.cn,
2013-04-30,四川省,规模以上工业增加值_同比增速,11.8,monthly,%,四川省统计局,https://data.stats.gov.cn,
2013-05-31,四川省,房地产开发投资_同比增速,17.9,monthly,%,四川省统计局,https://data.stats.gov.cn,
2013-05-31,四川省,房地产开发投资_累计值,1407.45,monthly,亿元,四川省统计局,https://data.stats.gov.cn,
2013-05-31,四川省,社会消费品零售总额_同比增速,13.5,monthly,%,四川省统计局,https://data.stats.gov.cn,
2013-05-31,四川省,社会消费品零售总额_累计值,4049.37,monthly,亿元,四川省统计局,https://data.stats.gov.cn,
2013-05-31,四川省,规模以上工业增加值_同比增速,11.8,monthly,%,四川省统计局,https://data.stats.gov.cn,
2013-06-30,四川省,房地产开发投资_同比增速,17.6,monthly,%,四川省统计局,https://data.stats.gov.cn,
2013-06-30,四川省,房地产开发投资_累计值,1823.79,monthly,亿元,四川省统计局,https://data.stats.gov.cn,
2013-06-30,四川省,社会消费品零售总额_同比增速,13.6,monthly,%,四川省统计局,https://data.stats.gov.cn,
2013-06-30,四川省,社会消费品零售总额_累计值,4882.81,monthly,亿元,四川省统计局,https://data.stats.gov.cn,
2013-06-30,四川省,规模以上工业增加值_同比增速,11.9,monthly,%,四川省统计局,https://data.stats.gov.cn,
2013-07-31,四川省,房地产开发投资_同比增速,18.1,monthly,%,四川省统计局,https://data.stats.gov.cn,
2013-07-31,四川省,房地产开发投资_累计值,2152.46,monthly,亿元,四川省统计局,https://data.stats.gov.cn,
2013-07-31,四川省,社会消费品零售总额_同比增速,13.6,monthly,%,四川省统计局,https://data.stats.gov.cn,
2013-07-31,四川省,社会消费品零售总额_累计值,5709.04,monthly,亿元,四川省统计局,https://data.stats.gov.cn,
2013-07-31,四川省,规模以上工业增加值_同比增速,11.3,monthly,%,四川省统计局,https://data.stats.gov.cn,
2013-08-31,四川省,房地产开发投资_同比增速,18.4,monthly,%,四川省统计局,https://data.stats.gov.cn,
2013-08-31,四川省,房地产开发投资_累计值,2455.12,monthly,亿元,四川省统计局,https://data.stats.gov.cn,
2013-08-31,四川省,社会消费品零售总额_同比增速,13.6,monthly,%,四川省统计局,https://data.stats.gov.cn,
2013-08-31,四川省,社会消费品零售总额_累计值,6529.76,monthly,亿元,四川省统计局,https://data.stats.gov.cn,
2013-08-31,四川省,规模以上工业增加值_同比增速,11.0,monthly,%,四川省统计局,https://data.stats.gov.cn,
2013-09-30,四川省,房地产开发投资_同比增速,19.5,monthly,%,四川省统计局,https://data.stats.gov.cn,
2013-09-30,四川省,房地产开发投资_累计值,2811.26,monthly,亿元,四川省统计局,https://data.stats.gov.cn,
2013-09-30,四川省,社会消费品零售总额_同比增速,13.7,monthly,%,四川省统计局,https://data.stats.gov.cn,
2013-09-30,四川省,社会消费品零售总额_累计值,7420.99,monthly,亿元,四川省统计局,https://data.stats.gov.cn,
2013-09-30,四川省,规模以上工业增加值_同比增速,11.0,monthly,%,四川省统计局,https://data.stats.gov.cn,
2013-10-31,四川省,房地产开发投资_同比增速,17.9,monthly,%,四川省统计局,https://data.stats.gov.cn,
2013-10-31,四川省,房地产开发投资_累计值,3118.3,monthly,亿元,四川省统计局,https://data.stats.gov.cn,
2013-10-31,四川省,社会消费品零售总额_同比增速,13.7,monthly,%,四川省统计局,https://data.stats.gov.cn,
2013-10-31,四川省,社会消费品零售总额_累计值,8386.1,monthly,亿元,四川省统计局,https://data.stats.gov.cn,
2013-10-31,四川省,规模以上工业增加值_同比增速,11.1,monthly,%,四川省统计局,https://data.stats.gov.cn,
2013-11-30,四川省,房地产开发投资_同比增速,17.4,monthly,%,四川省统计局,https://data.stats.gov.cn,
2013-11-30,四川省,房地产开发投资_累计值,3449.84,monthly,亿元,四川省统计局,https://data.stats.gov.cn,
2013-11-30,四川省,社会消费品零售总额_同比增速,13.9,monthly,%,四川省统计局,https://data.stats.gov.cn,
2013-11-30,四川省,社会消费品零售总额_累计值,9305.3,monthly,亿元,四川省统计局,https://data.stats.gov.cn,
2013-11-30,四川省,规模以上工业增加值_同比增速,11.1,monthly,%,四川省统计局,https://data.stats.gov.cn,
2013-12-31,四川省,房地产开发投资_同比增速,18.0,monthly,%,四川省统计局,https://data.stats.gov.cn,
2013-12-31,四川省,房地产开发投资_累计值,3853.0,monthly,亿元,四川省统计局,https://data.stats.gov.cn,
2013-12-31,四川省,社会消费品零售总额_同比增速,13.9,monthly,%,四川省统计局,https://data.stats.gov.cn,
2013-12-31,四川省,社会消费品零售总额_累计值,10355.45,monthly,亿元,四川省统计局,https://data.stats.gov.cn,
2013-12-31,四川省,规模以上工业增加值_同比增速,11.1,monthly,%,四川省统计局,https://data.stats.gov.cn,
2014-02-28,四川省,房地产开发投资_同比增速,15.6,monthly,%,四川省统计局,https://data.stats.gov.cn,
2014-02-28,四川省,房地产开发投资_累计值,470.85,monthly,亿元,四川省统计局,https://data.stats.gov.cn,
2014-02-28,四川省,社会消费品零售总额_同比增速,12.8,monthly,%,四川省统计局,https://data.stats.gov.cn,
2014-02-28,四川省,社会消费品零售总额_累计值,1761.65,monthly,亿元,四川省统计局,https://data.stats.gov.cn,
2014-02-28,四川省,规模以上工业增加值_同比增速,9.0,monthly,%,四川省统计局,https://data.stats.gov.cn,
2014-03-31,四川省,房地产开发投资_同比增速,15.1,monthly,%,四川省统计局,https://data.stats.gov.cn,
2014-03-31,四川省,房地产开发投资_累计值,889.38,monthly,亿元,四川省统计局,https://data.stats.gov.cn,
2014-03-31,四川省,社会消费品零售总额_同比增速,12.7,monthly,%,四川省统计局,https://data.stats.gov.cn,
2014-03-31,四川省,社会消费品零售总额_累计值,2677.08,monthly,亿元,四川省统计局,https://data.stats.gov.cn,
2014-03-31,四川省,规模以上工业增加值_同比增速,9.2,monthly,%,四川省统计局,https://data.stats.gov.cn,
2014-04-30,四川省,房地产开发投资_同比增速,14.9,monthly,%,四川省统计局,https://data.stats.gov.cn,
2014-04-30,四川省,房地产开发投资_累计值,1211.08,monthly,亿元,四川省统计局,https://data.stats.gov.cn,
2014-04-30,四川省,社会消费品零售总额_同比增速,12.8,monthly,%,四川省统计局,https://data.stats.gov.cn,
2014-04-30,四川省,社会消费品零售总额_累计值,3592.11,monthly,亿元,四川省统计局,https://data.stats.gov.cn,
2014-04-30,四川省,规模以上工业增加值_同比增速,9.4,monthly,%,四川省统计局,https://data.stats.gov.cn,
2014-05-31,四川省,房地产开发投资_同比增速,15.1,monthly,%,四川省统计局,https://data.stats.gov.cn,
2014-05-31,四川省,房地产开发投资_累计值,1619.58,monthly,亿元,四川省统计局,https://data.stats.gov.cn,
2014-05-31,四川省,社会消费品零售总额_同比增速,12.9,monthly,%,四川省统计局,https://data.stats.gov.cn,
2014-05-31,四川省,社会消费品零售总额_累计值,4570.98,monthly,亿元,四川省统计局,https://data.stats.gov.cn,
2014-05-31,四川省,规模以上工业增加值_同比增速,9.5,monthly,%,四川省统计局,https://data.stats.gov.cn,
2014-06-30,四川省,房地产开发投资_同比增速,15.5,monthly,%,四川省统计局,https://data.stats.gov.cn,
2014-06-30,四川省,房地产开发投资_累计值,2107.19,monthly,亿元,四川省统计局,https://data.stats.gov.cn,
2014-06-30,四川省,社会消费品零售总额_同比增速,13.0,monthly,%,四川省统计局,https://data.stats.gov.cn,
2014-06-30,四川省,社会消费品零售总额_累计值,5517.22,monthly,亿元,四川省统计局,https://data.stats.gov.cn,
2014-06-30,四川省,规模以上工业增加值_同比增速,9.6,monthly,%,四川省统计局,https://data.stats.gov.cn,
2014-07-31,四川省,房地产开发投资_同比增速,15.1,monthly,%,四川省统计局,https://data.stats.gov.cn,
2014-07-31,四川省,房地产开发投资_累计值,2476.83,monthly,亿元,四川省统计局,https://data.stats.gov.cn,
2014-07-31,四川省,社会消费品零售总额_同比增速,13.0,monthly,%,四川省统计局,https://data.stats.gov.cn,
2014-07-31,四川省,社会消费品零售总额_累计值,6454.0,monthly,亿元,四川省统计局,https://data.stats.gov.cn,
2014-07-31,四川省,规模以上工业增加值_同比增速,9.8,monthly,%,四川省统计局,https://data.stats.gov.cn,
2014-08-31,四川省,房地产开发投资_同比增速,15.8,monthly,%,四川省统计局,https://data.stats.gov.cn,
2014-08-31,四川省,房地产开发投资_累计值,2842.45,monthly,亿元,四川省统计局,https://data.stats.gov.cn,
2014-08-31,四川省,社会消费品零售总额_同比增速,12.9,monthly,%,四川省统计局,https://data.stats.gov.cn,
2014-08-31,四川省,社会消费品零售总额_累计值,7374.3,monthly,亿元,四川省统计局,https://data.stats.gov.cn,
2014-08-31,四川省,规模以上工业增加值_同比增速,9.8,monthly,%,四川省统计局,https://data.stats.gov.cn,
2014-09-30,四川省,房地产开发投资_同比增速,15.8,monthly,%,四川省统计局,https://data.stats.gov.cn,
2014-09-30,四川省,房地产开发投资_累计值,3255.73,monthly,亿元,四川省统计局,https://data.stats.gov.cn,
2014-09-30,四川省,社会消费品零售总额_同比增速,12.86,monthly,%,四川省统计局,https://data.stats.gov.cn,
2014-09-30,四川省,社会消费品零售总额_累计值,8375.61,monthly,亿元,四川省统计局,https://data.stats.gov.cn,
2014-09-30,四川省,规模以上工业增加值_同比增速,9.8,monthly,%,四川省统计局,https://data.stats.gov.cn,
2014-10-31,四川省,房地产开发投资_同比增速,15.9,monthly,%,四川省统计局,https://data.stats.gov.cn,
2014-10-31,四川省,房地产开发投资_累计值,3613.63,monthly,亿元,四川省统计局,https://data.stats.gov.cn,
2014-10-31,四川省,社会消费品零售总额_同比增速,12.8,monthly,%,四川省统计局,https://data.stats.gov.cn,
2014-10-31,四川省,社会消费品零售总额_累计值,9455.57,monthly,亿元,四川省统计局,https://data.stats.gov.cn,
2014-10-31,四川省,规模以上工业增加值_同比增速,9.8,monthly,%,四川省统计局,https://data.stats.gov.cn,
2014-11-30,四川省,房地产开发投资_同比增速,16.3,monthly,%,四川省统计局,https://data.stats.gov.cn,
2014-11-30,四川省,房地产开发投资_累计值,4013.16,monthly,亿元,四川省统计局,https://data.stats.gov.cn,
2014-11-30,四川省,社会消费品零售总额_同比增速,12.7,monthly,%,四川省统计局,https://data.stats.gov.cn,
2014-11-30,四川省,社会消费品零售总额_累计值,10486.09,monthly,亿元,四川省统计局,https://data.stats.gov.cn,
2014-11-30,四川省,规模以上工业增加值_同比增速,9.7,monthly,%,四川省统计局,https://data.stats.gov.cn,
2014-12-31,四川省,房地产开发投资_同比增速,13.7,monthly,%,四川省统计局,https://data.stats.gov.cn,
2014-12-31,四川省,房地产开发投资_累计值,4380.09,monthly,亿元,四川省统计局,https://data.stats.gov.cn,
2014-12-31,四川省,社会消费品零售总额_同比增速,12.65,monthly,%,四川省统计局,https://data.stats.gov.cn,
2014-12-31,四川省,社会消费品零售总额_累计值,11665.79,monthly,亿元,四川省统计局,https://data.stats.gov.cn,
2014-12-31,四川省,规模以上工业增加值_同比增速,9.6,monthly,%,四川省统计局,https://data.stats.gov.cn,
2015-02-28,四川省,房地产开发投资_同比增速,13.7,monthly,%,四川省统计局,https://data.stats.gov.cn,
2015-02-28,四川省,房地产开发投资_累计值,535.15,monthly,亿元,四川省统计局,https://data.stats.gov.cn,
2015-02-28,四川省,社会消费品零售总额_同比增速,11.8,monthly,%,四川省统计局,https://data.stats.gov.cn,
2015-02-28,四川省,社会消费品零售总额_累计值,2091.78,monthly,亿元,四川省统计局,https://data.stats.gov.cn,
2015-02-28,四川省,规模以上工业增加值_同比增速,7.9,monthly,%,四川省统计局,https://data.stats.gov.cn,
2015-03-31,四川省,房地产开发投资_同比增速,14.9,monthly,%,四川省统计局,https://data.stats.gov.cn,
2015-03-31,四川省,房地产开发投资_累计值,1021.57,monthly,亿元,四川省统计局,https://data.stats.gov.cn,
2015-03-31,四川省,社会消费品零售总额_同比增速,11.84,monthly,%,四川省统计局,https://data.stats.gov.cn,
2015-03-31,四川省,社会消费品零售总额_累计值,3180.57,monthly,亿元,四川省统计局,https://data.stats.gov.cn,
2015-03-31,四川省,规模以上工业增加值_同比增速,8.0,monthly,%,四川省统计局,https://data.stats.gov.cn,
2015-04-30,四川省,房地产开发投资_同比增速,14.3,monthly,%,四川省统计局,https://data.stats.gov.cn,
2015-04-30,四川省,房地产开发投资_累计值,1384.59,monthly,亿元,四川省统计局,https://data.stats.gov.cn,
2015-04-30,四川省,社会消费品零售总额_同比增速,11.7,monthly,%,四川省统计局,https://data.stats.gov.cn,
2015-04-30,四川省,社会消费品零售总额_累计值,4264.09,monthly,亿元,四川省统计局,https://data.stats.gov.cn,
2015-04-30,四川省,规模以上工业增加值_同比增速,7.9,monthly,%,四川省统计局,https://data.stats.gov.cn,
2015-05-31,四川省,房地产开发投资_同比增速,13.5,monthly,%,四川省统计局,https://data.stats.gov.cn,
2015-05-31,四川省,房地产开发投资_累计值,1838.64,monthly,亿元,四川省统计局,https://data.stats.gov.cn,
2015-05-31,四川省,社会消费品零售总额_同比增速,11.7,monthly,%,四川省统计局,https://data.stats.gov.cn,
2015-05-31,四川省,社会消费品零售总额_累计值,5424.51,monthly,亿元,四川省统计局,https://data.stats.gov.cn,
2015-05-31,四川省,规模以上工业增加值_同比增速,7.9,monthly,%,四川省统计局,https://data.stats.gov.cn,
2015-06-30,四川省,房地产开发投资_同比增速,12.5,monthly,%,四川省统计局,https://data.stats.gov.cn,
2015-06-30,四川省,房地产开发投资_累计值,2370.08,monthly,亿元,四川省统计局,https://data.stats.gov.cn,
2015-06-30,四川省,社会消费品零售总额_同比增速,11.82,monthly,%,四川省统计局,https://data.stats.gov.cn,
2015-06-30,四川省,社会消费品零售总额_累计值,6553.77,monthly,亿元,四川省统计局,https://data.stats.gov.cn,
2015-06-30,四川省,规模以上工业增加值_同比增速,8.1,monthly,%,四川省统计局,https://data.stats.gov.cn,
2015-07-31,四川省,房地产开发投资_同比增速,11.9,monthly,%,四川省统计局,https://data.stats.gov.cn,
2015-07-31,四川省,房地产开发投资_累计值,2770.46,monthly,亿元,四川省统计局,https://data.stats.gov.cn,
2015-07-31,四川省,社会消费品零售总额_同比增速,11.9,monthly,%,四川省统计局,https://data.stats.gov.cn,
2015-07-31,四川省,社会消费品零售总额_累计值,7694.35,monthly,亿元,四川省统计局,https://data.stats.gov.cn,
2015-07-31,四川省,规模以上工业增加值_同比增速,8.0,monthly,%,四川省统计局,https://data.stats.gov.cn,
2015-08-31,四川省,房地产开发投资_同比增速,13.2,monthly,%,四川省统计局,https://data.stats.gov.cn,
2015-08-31,四川省,房地产开发投资_累计值,3218.71,monthly,亿元,四川省统计局,https://data.stats.gov.cn,
2015-08-31,四川省,社会消费品零售总额_同比增速,11.9,monthly,%,四川省统计局,https://data.stats.gov.cn,
2015-08-31,四川省,社会消费品零售总额_累计值,8815.04,monthly,亿元,四川省统计局,https://data.stats.gov.cn,
2015-08-31,四川省,规模以上工业增加值_同比增速,7.9,monthly,%,四川省统计局,https://data.stats.gov.cn,
2015-09-30,四川省,房地产开发投资_同比增速,12.6,monthly,%,四川省统计局,https://data.stats.gov.cn,
2015-09-30,四川省,房地产开发投资_累计值,3665.95,monthly,亿元,四川省统计局,https://data.stats.gov.cn,
2015-09-30,四川省,社会消费品零售总额_同比增速,12.0,monthly,%,四川省统计局,https://data.stats.gov.cn,
2015-09-30,四川省,社会消费品零售总额_累计值,9961.37,monthly,亿元,四川省统计局,https://data.stats.gov.cn,
2015-09-30,四川省,规模以上工业增加值_同比增速,8.0,monthly,%,四川省统计局,https://data.stats.gov.cn,
2015-10-31,四川省,房地产开发投资_同比增速,12.3,monthly,%,四川省统计局,https://data.stats.gov.cn,
2015-10-31,四川省,房地产开发投资_累计值,4058.56,monthly,亿元,四川省统计局,https://data.stats.gov.cn,
2015-10-31,四川省,社会消费品零售总额_同比增速,11.9,monthly,%,四川省统计局,https://data.stats.gov.cn,
2015-10-31,四川省,社会消费品零售总额_累计值,11257.66,monthly,亿元,四川省统计局,https://data.stats.gov.cn,
2015-10-31,四川省,规模以上工业增加值_同比增速,7.9,monthly,%,四川省统计局,https://data.stats.gov.cn,
2015-11-30,四川省,房地产开发投资_同比增速,11.7,monthly,%,四川省统计局,https://data.stats.gov.cn,
2015-11-30,四川省,房地产开发投资_累计值,4481.22,monthly,亿元,四川省统计局,https://data.stats.gov.cn,
2015-11-30,四川省,社会消费品零售总额_同比增速,11.9,monthly,%,四川省统计局,https://data.stats.gov.cn,
2015-11-30,四川省,社会消费品零售总额_累计值,12527.21,monthly,亿元,四川省统计局,https://data.stats.gov.cn,
2015-11-30,四川省,规模以上工业增加值_同比增速,7.9,monthly,%,四川省统计局,https://data.stats.gov.cn,
2015-12-31,四川省,房地产开发投资_同比增速,9.9,monthly,%,四川省统计局,https://data.stats.gov.cn,
2015-12-31,四川省,房地产开发投资_累计值,4813.03,monthly,亿元,四川省统计局,https://data.stats.gov.cn,
2015-12-31,四川省,社会消费品零售总额_同比增速,11.98,monthly,%,四川省统计局,https://data.stats.gov.cn,
2015-12-31,四川省,社会消费品零售总额_累计值,13877.74,monthly,亿元,四川省统计局,https://data.stats.gov.cn,
2015-12-31,四川省,规模以上工业增加值_同比增速,7.9,monthly,%,四川省统计局,https://data.stats.gov.cn,
2016-02-29,四川省,房地产开发投资_同比增速,12.9,monthly,%,四川省统计局,https://data.stats.gov.cn,
2016-02-29,四川省,房地产开发投资_累计值,604.44,monthly,亿元,四川省统计局,https://data.stats.gov.cn,
2016-02-29,四川省,社会消费品零售总额_同比增速,11.8,monthly,%,四川省统计局,https://data.stats.gov.cn,
2016-02-29,四川省,社会消费品零售总额_累计值,2338.13,monthly,亿元,四川省统计局,https://data.stats.gov.cn,
2016-02-29,四川省,规模以上工业增加值_同比增速,7.4,monthly,%,四川省统计局,https://data.stats.gov.cn,
2016-03-31,四川省,房地产开发投资_同比增速,14.4,monthly,%,四川省统计局,https://data.stats.gov.cn,
2016-03-31,四川省,房地产开发投资_累计值,1168.74,monthly,亿元,四川省统计局,https://data.stats.gov.cn,
2016-03-31,四川省,社会消费品零售总额_同比增速,11.8,monthly,%,四川省统计局,https://data.stats.gov.cn,
2016-03-31,四川省,社会消费品零售总额_累计值,3554.95,monthly,亿元,四川省统计局,https://data.stats.gov.cn,
2016-03-31,四川省,规模以上工业增加值_同比增速,7.7,monthly,%,四川省统计局,https://data.stats.gov.cn,
2016-04-30,四川省,房地产开发投资_同比增速,12.9,monthly,%,四川省统计局,https://data.stats.gov.cn,
2016-04-30,四川省,房地产开发投资_累计值,1563.18,monthly,亿元,四川省统计局,https://data.stats.gov.cn,
2016-04-30,四川省,社会消费品零售总额_同比增速,11.6,monthly,%,四川省统计局,https://data.stats.gov.cn,
2016-04-30,四川省,社会消费品零售总额_累计值,4759.96,monthly,亿元,四川省统计局,https://data.stats.gov.cn,
2016-04-30,四川省,规模以上工业增加值_同比增速,7.7,monthly,%,四川省统计局,https://data.stats.gov.cn,
2016-05-31,四川省,房地产开发投资_同比增速,13.6,monthly,%,四川省统计局,https://data.stats.gov.cn,
2016-05-31,四川省,房地产开发投资_累计值,2088.36,monthly,亿元,四川省统计局,https://data.stats.gov.cn,
2016-05-31,四川省,社会消费品零售总额_同比增速,11.5,monthly,%,四川省统计局,https://data.stats.gov.cn,
2016-05-31,四川省,社会消费品零售总额_累计值,6049.73,monthly,亿元,四川省统计局,https://data.stats.gov.cn,
2016-05-31,四川省,规模以上工业增加值_同比增速,7.6,monthly,%,四川省统计局,https://data.stats.gov.cn,
2016-06-30,四川省,房地产开发投资_同比增速,10.7,monthly,%,四川省统计局,https://data.stats.gov.cn,
2016-06-30,四川省,房地产开发投资_累计值,2622.61,monthly,亿元,四川省统计局,https://data.stats.gov.cn,
2016-06-30,四川省,社会消费品零售总额_同比增速,11.5,monthly,%,四川省统计局,https://data.stats.gov.cn,
2016-06-30,四川省,社会消费品零售总额_累计值,7309.33,monthly,亿元,四川省统计局,https://data.stats.gov.cn,
2016-06-30,四川省,规模以上工业增加值_同比增速,7.8,monthly,%,四川省统计局,https://data.stats.gov.cn,
2016-07-31,四川省,房地产开发投资_同比增速,9.5,monthly,%,四川省统计局,https://data.stats.gov.cn,
2016-07-31,四川省,房地产开发投资_累计值,3032.97,monthly,亿元,四川省统计局,https://data.stats.gov.cn,
2016-07-31,四川省,社会消费品零售总额_同比增速,11.5,monthly,%,四川省统计局,https://data.stats.gov.cn,
2016-07-31,四川省,社会消费品零售总额_累计值,8579.8,monthly,亿元,四川省统计局,https://data.stats.gov.cn,
2016-07-31,四川省,规模以上工业增加值_同比增速,7.8,monthly,%,四川省统计局,https://data.stats.gov.cn,
2016-08-31,四川省,房地产开发投资_同比增速,8.8,monthly,%,四川省统计局,https://data.stats.gov.cn,
2016-08-31,四川省,房地产开发投资_累计值,3502.02,monthly,亿元,四川省统计局,https://data.stats.gov.cn,
2016-08-31,四川省,社会消费品零售总额_同比增速,11.5,monthly,%,四川省统计局,https://data.stats.gov.cn,
2016-08-31,四川省,社会消费品零售总额_累计值,9829.18,monthly,亿元,四川省统计局,https://data.stats.gov.cn,
2016-08-31,四川省,规模以上工业增加值_同比增速,7.9,monthly,%,四川省统计局,https://data.stats.gov.cn,
2016-09-30,四川省,房地产开发投资_同比增速,10.4,monthly,%,四川省统计局,https://data.stats.gov.cn,
2016-09-30,四川省,房地产开发投资_累计值,4047.62,monthly,亿元,四川省统计局,https://data.stats.gov.cn,
2016-09-30,四川省,社会消费品零售总额_同比增速,11.5,monthly,%,四川省统计局,https://data.stats.gov.cn,
2016-09-30,四川省,社会消费品零售总额_累计值,11108.93,monthly,亿元,四川省统计局,https://data.stats.gov.cn,
2016-09-30,四川省,规模以上工业增加值_同比增速,7.9,monthly,%,四川省统计局,https://data.stats.gov.cn,
2016-10-31,四川省,房地产开发投资_同比增速,10.7,monthly,%,四川省统计局,https://data.stats.gov.cn,
2016-10-31,四川省,房地产开发投资_累计值,4493.67,monthly,亿元,四川省统计局,https://data.stats.gov.cn,
2016-10-31,四川省,社会消费品零售总额_同比增速,11.6,monthly,%,四川省统计局,https://data.stats.gov.cn,
2016-10-31,四川省,社会消费品零售总额_累计值,12560.0,monthly,亿元,四川省统计局,https://data.stats.gov.cn,
2016-10-31,四川省,规模以上工业增加值_同比增速,7.9,monthly,%,四川省统计局,https://data.stats.gov.cn,
2016-11-30,四川省,房地产开发投资_同比增速,9.8,monthly,%,四川省统计局,https://data.stats.gov.cn,
2016-11-30,四川省,房地产开发投资_累计值,4918.79,monthly,亿元,四川省统计局,https://data.stats.gov.cn,
2016-11-30,四川省,社会消费品零售总额_同比增速,11.6,monthly,%,四川省统计局,https://data.stats.gov.cn,
2016-11-30,四川省,社会消费品零售总额_累计值,13985.12,monthly,亿元,四川省统计局,https://data.stats.gov.cn,
2016-11-30,四川省,规模以上工业增加值_同比增速,7.9,monthly,%,四川省统计局,https://data.stats.gov.cn,
2016-12-31,四川省,房地产开发投资_同比增速,9.8,monthly,%,四川省统计局,https://data.stats.gov.cn,
2016-12-31,四川省,房地产开发投资_累计值,5282.64,monthly,亿元,四川省统计局,https://data.stats.gov.cn,
2016-12-31,四川省,社会消费品零售总额_同比增速,11.7,monthly,%,四川省统计局,https://data.stats.gov.cn,
2016-12-31,四川省,社会消费品零售总额_累计值,15501.87,monthly,亿元,四川省统计局,https://data.stats.gov.cn,
2016-12-31,四川省,规模以上工业增加值_同比增速,7.9,monthly,%,四川省统计局,https://data.stats.gov.cn,
2017-02-28,四川省,房地产开发投资_同比增速,9.6,monthly,%,四川省统计局,https://data.stats.gov.cn,
2017-02-28,四川省,房地产开发投资_累计值,662.38,monthly,亿元,四川省统计局,https://data.stats.gov.cn,
2017-02-28,四川省,社会消费品零售总额_同比增速,12.2,monthly,%,四川省统计局,https://data.stats.gov.cn,
2017-02-28,四川省,社会消费品零售总额_累计值,2668.5,monthly,亿元,四川省统计局,https://data.stats.gov.cn,
2017-02-28,四川省,规模以上工业增加值_同比增速,8.2,monthly,%,四川省统计局,https://data.stats.gov.cn,
2017-03-31,四川省,房地产开发投资_同比增速,0.9,monthly,%,四川省统计局,https://data.stats.gov.cn,
2017-03-31,四川省,房地产开发投资_累计值,1179.46,monthly,亿元,四川省统计局,https://data.stats.gov.cn,
2017-03-31,四川省,社会消费品零售总额_同比增速,12.3,monthly,%,四川省统计局,https://data.stats.gov.cn,
2017-03-31,四川省,社会消费品零售总额_累计值,4051.04,monthly,亿元,四川省统计局,https://data.stats.gov.cn,
2017-03-31,四川省,规模以上工业增加值_同比增速,8.5,monthly,%,四川省统计局,https://data.stats.gov.cn,
2017-04-30,四川省,房地产开发投资_同比增速,4.2,monthly,%,四川省统计局,https://data.stats.gov.cn,
2017-04-30,四川省,房地产开发投资_累计值,1629.36,monthly,亿元,四川省统计局,https://data.stats.gov.cn,
2017-04-30,四川省,社会消费品零售总额_同比增速,12.4,monthly,%,四川省统计局,https://data.stats.gov.cn,
2017-04-30,四川省,社会消费品零售总额_累计值,5423.88,monthly,亿元,四川省统计局,https://data.stats.gov.cn,
2017-04-30,四川省,规模以上工业增加值_同比增速,8.5,monthly,%,四川省统计局,https://data.stats.gov.cn,
2017-05-31,四川省,房地产开发投资_同比增速,2.4,monthly,%,四川省统计局,https://data.stats.gov.cn,
2017-05-31,四川省,房地产开发投资_累计值,2137.94,monthly,亿元,四川省统计局,https://data.stats.gov.cn,
2017-05-31,四川省,社会消费品零售总额_同比增速,12.3,monthly,%,四川省统计局,https://data.stats.gov.cn,
2017-05-31,四川省,社会消费品零售总额_累计值,6872.21,monthly,亿元,四川省统计局,https://data.stats.gov.cn,
2017-05-31,四川省,规模以上工业增加值_同比增速,8.5,monthly,%,四川省统计局,https://data.stats.gov.cn,
2017-06-30,四川省,房地产开发投资_同比增速,2.6,monthly,%,四川省统计局,https://data.stats.gov.cn,
2017-06-30,四川省,房地产开发投资_累计值,2691.98,monthly,亿元,四川省统计局,https://data.stats.gov.cn,
2017-06-30,四川省,社会消费品零售总额_同比增速,12.44,monthly,%,四川省统计局,https://data.stats.gov.cn,
2017-06-30,四川省,社会消费品零售总额_累计值,8312.67,monthly,亿元,四川省统计局,https://data.stats.gov.cn,
2017-06-30,四川省,规模以上工业增加值_同比增速,8.6,monthly,%,四川省统计局,https://data.stats.gov.cn,
2017-07-31,四川省,房地产开发投资_同比增速,2.0,monthly,%,四川省统计局,https://data.stats.gov.cn,
2017-07-31,四川省,房地产开发投资_累计值,3094.62,monthly,亿元,四川省统计局,https://data.stats.gov.cn,
2017-07-31,四川省,社会消费品零售总额_同比增速,12.4,monthly,%,四川省统计局,https://data.stats.gov.cn,
2017-07-31,四川省,社会消费品零售总额_累计值,9737.87,monthly,亿元,四川省统计局,https://data.stats.gov.cn,
2017-07-31,四川省,规模以上工业增加值_同比增速,8.5,monthly,%,四川省统计局,https://data.stats.gov.cn,
2017-08-31,四川省,房地产开发投资_同比增速,0.4,monthly,%,四川省统计局,https://data.stats.gov.cn,
2017-08-31,四川省,房地产开发投资_累计值,3517.77,monthly,亿元,四川省统计局,https://data.stats.gov.cn,
2017-08-31,四川省,社会消费品零售总额_同比增速,12.2,monthly,%,四川省统计局,https://data.stats.gov.cn,
2017-08-31,四川省,社会消费品零售总额_累计值,11121.52,monthly,亿元,四川省统计局,https://data.stats.gov.cn,
2017-08-31,四川省,规模以上工业增加值_同比增速,8.2,monthly,%,四川省统计局,https://data.stats.gov.cn,
2017-09-30,四川省,房地产开发投资_同比增速,-1.7,monthly,%,四川省统计局,https://data.stats.gov.cn,
2017-09-30,四川省,房地产开发投资_累计值,3977.28,monthly,亿元,四川省统计局,https://data.stats.gov.cn,
2017-09-30,四川省,社会消费品零售总额_同比增速,12.1,monthly,%,四川省统计局,https://data.stats.gov.cn,
2017-09-30,四川省,社会消费品零售总额_累计值,12555.3,monthly,亿元,四川省统计局,https://data.stats.gov.cn,
2017-09-30,四川省,规模以上工业增加值_同比增速,8.3,monthly,%,四川省统计局,https://data.stats.gov.cn,
2017-10-31,四川省,房地产开发投资_同比增速,-2.7,monthly,%,四川省统计局,https://data.stats.gov.cn,
2017-10-31,四川省,房地产开发投资_累计值,4371.46,monthly,亿元,四川省统计局,https://data.stats.gov.cn,
2017-10-31,四川省,社会消费品零售总额_同比增速,12.0,monthly,%,四川省统计局,https://data.stats.gov.cn,
2017-10-31,四川省,社会消费品零售总额_累计值,14178.68,monthly,亿元,四川省统计局,https://data.stats.gov.cn,
2017-10-31,四川省,规模以上工业增加值_同比增速,8.3,monthly,%,四川省统计局,https://data.stats.gov.cn,
2017-11-30,四川省,房地产开发投资_同比增速,-2.8,monthly,%,四川省统计局,https://data.stats.gov.cn,
2017-11-30,四川省,房地产开发投资_累计值,4779.9,monthly,亿元,四川省统计局,https://data.stats.gov.cn,
2017-11-30,四川省,社会消费品零售总额_同比增速,12.0,monthly,%,四川省统计局,https://data.stats.gov.cn,
2017-11-30,四川省,社会消费品零售总额_累计值,15778.27,monthly,亿元,四川省统计局,https://data.stats.gov.cn,
2017-11-30,四川省,规模以上工业增加值_同比增速,8.4,monthly,%,四川省统计局,https://data.stats.gov.cn,
2017-12-31,四川省,房地产开发投资_同比增速,-2.5,monthly,%,四川省统计局,https://data.stats.gov.cn,
2017-12-31,四川省,房地产开发投资_累计值,5149.89,monthly,亿元,四川省统计局,https://data.stats.gov.cn,
2017-12-31,四川省,社会消费品零售总额_同比增速,12.0,monthly,%,四川省统计局,https://data.stats.gov.cn,
2017-12-31,四川省,社会消费品零售总额_累计值,17480.53,monthly,亿元,四川省统计局,https://data.stats.gov.cn,
2017-12-31,四川省,规模以上工业增加值_同比增速,8.5,monthly,%,四川省统计局,https://data.stats.gov.cn,
2018-02-28,四川省,房地产开发投资_同比增速,-1.5,monthly,%,四川省统计局,https://data.stats.gov.cn,
2018-02-28,四川省,房地产开发投资_累计值,652.61,monthly,亿元,四川省统计局,https://data.stats.gov.cn,
2018-02-28,四川省,社会消费品零售总额_同比增速,12.2,monthly,%,四川省统计局,https://data.stats.gov.cn,
2018-02-28,四川省,社会消费品零售总额_累计值,2828.95,monthly,亿元,四川省统计局,https://data.stats.gov.cn,
2018-02-28,四川省,规模以上工业增加值_同比增速,8.5,monthly,%,四川省统计局,https://data.stats.gov.cn,
2018-03-31,四川省,房地产开发投资_同比增速,-4.6,monthly,%,四川省统计局,https://data.stats.gov.cn,
2018-03-31,四川省,房地产开发投资_累计值,1125.61,monthly,亿元,四川省统计局,https://data.stats.gov.cn,
2018-03-31,四川省,社会消费品零售总额_同比增速,12.4,monthly,%,四川省统计局,https://data.stats.gov.cn,
2018-03-31,四川省,社会消费品零售总额_累计值,4277.04,monthly,亿元,四川省统计局,https://data.stats.gov.cn,
2018-03-31,四川省,规模以上工业增加值_同比增速,8.2,monthly,%,四川省统计局,https://data.stats.gov.cn,
2018-04-30,四川省,房地产开发投资_同比增速,-3.6,monthly,%,四川省统计局,https://data.stats.gov.cn,
2018-04-30,四川省,房地产开发投资_累计值,1571.11,monthly,亿元,四川省统计局,https://data.stats.gov.cn,
2018-04-30,四川省,社会消费品零售总额_同比增速,12.1,monthly,%,四川省统计局,https://data.stats.gov.cn,
2018-04-30,四川省,社会消费品零售总额_累计值,5718.59,monthly,亿元,四川省统计局,https://data.stats.gov.cn,
2018-04-30,四川省,规模以上工业增加值_同比增速,8.2,monthly,%,四川省统计局,https://data.stats.gov.cn,
2018-05-31,四川省,房地产开发投资_同比增速,-3.4,monthly,%,四川省统计局,https://data.stats.gov.cn,
2018-05-31,四川省,房地产开发投资_累计值,2065.46,monthly,亿元,四川省统计局,https://data.stats.gov.cn,
2018-05-31,四川省,社会消费品零售总额_同比增速,11.8,monthly,%,四川省统计局,https://data.stats.gov.cn,
2018-05-31,四川省,社会消费品零售总额_累计值,7238.24,monthly,亿元,四川省统计局,https://data.stats.gov.cn,
2018-05-31,四川省,规模以上工业增加值_同比增速,7.8,monthly,%,四川省统计局,https://data.stats.gov.cn,
2018-06-30,四川省,房地产开发投资_同比增速,-1.7,monthly,%,四川省统计局,https://data.stats.gov.cn,
2018-06-30,四川省,房地产开发投资_累计值,2646.54,monthly,亿元,四川省统计局,https://data.stats.gov.cn,
2018-06-30,四川省,社会消费品零售总额_同比增速,11.7,monthly,%,四川省统计局,https://data.stats.gov.cn,
2018-06-30,四川省,社会消费品零售总额_累计值,8724.96,monthly,亿元,四川省统计局,https://data.stats.gov.cn,
2018-06-30,四川省,规模以上工业增加值_同比增速,8.0,monthly,%,四川省统计局,https://data.stats.gov.cn,
2018-07-31,四川省,房地产开发投资_同比增速,-0.6,monthly,%,四川省统计局,https://data.stats.gov.cn,
2018-07-31,四川省,房地产开发投资_累计值,3076.77,monthly,亿元,四川省统计局,https://data.stats.gov.cn,
2018-07-31,四川省,社会消费品零售总额_同比增速,11.5,monthly,%,四川省统计局,https://data.stats.gov.cn,
2018-07-31,四川省,社会消费品零售总额_累计值,10210.0,monthly,亿元,四川省统计局,https://data.stats.gov.cn,
2018-07-31,四川省,规模以上工业增加值_同比增速,8.1,monthly,%,四川省统计局,https://data.stats.gov.cn,
2018-08-31,四川省,房地产开发投资_同比增速,1.3,monthly,%,四川省统计局,https://data.stats.gov.cn,
2018-08-31,四川省,房地产开发投资_累计值,3563.38,monthly,亿元,四川省统计局,https://data.stats.gov.cn,
2018-08-31,四川省,社会消费品零售总额_同比增速,11.5,monthly,%,四川省统计局,https://data.stats.gov.cn,
2018-08-31,四川省,社会消费品零售总额_累计值,11661.23,monthly,亿元,四川省统计局,https://data.stats.gov.cn,
2018-08-31,四川省,规模以上工业增加值_同比增速,8.3,monthly,%,四川省统计局,https://data.stats.gov.cn,
2018-09-30,四川省,房地产开发投资_同比增速,4.6,monthly,%,四川省统计局,https://data.stats.gov.cn,
2018-09-30,四川省,房地产开发投资_累计值,4158.62,monthly,亿元,四川省统计局,https://data.stats.gov.cn,
2018-09-30,四川省,社会消费品零售总额_同比增速,11.4,monthly,%,四川省统计局,https://data.stats.gov.cn,
2018-09-30,四川省,社会消费品零售总额_累计值,13143.06,monthly,亿元,四川省统计局,https://data.stats.gov.cn,
2018-09-30,四川省,规模以上工业增加值_同比增速,8.4,monthly,%,四川省统计局,https://data.stats.gov.cn,
2018-10-31,四川省,房地产开发投资_同比增速,6.5,monthly,%,四川省统计局,https://data.stats.gov.cn,
2018-10-31,四川省,房地产开发投资_累计值,4657.49,monthly,亿元,四川省统计局,https://data.stats.gov.cn,
2018-10-31,四川省,社会消费品零售总额_同比增速,11.3,monthly,%,四川省统计局,https://data.stats.gov.cn,
2018-10-31,四川省,社会消费品零售总额_累计值,14830.67,monthly,亿元,四川省统计局,https://data.stats.gov.cn,
2018-10-31,四川省,规模以上工业增加值_同比增速,8.3,monthly,%,四川省统计局,https://data.stats.gov.cn,
2018-11-30,四川省,房地产开发投资_同比增速,8.3,monthly,%,四川省统计局,https://data.stats.gov.cn,
2018-11-30,四川省,房地产开发投资_累计值,5178.32,monthly,亿元,四川省统计局,https://data.stats.gov.cn,
2018-11-30,四川省,社会消费品零售总额_同比增速,11.1,monthly,%,四川省统计局,https://data.stats.gov.cn,
2018-11-30,四川省,社会消费品零售总额_累计值,16492.82,monthly,亿元,四川省统计局,https://data.stats.gov.cn,
2018-11-30,四川省,规模以上工业增加值_同比增速,8.3,monthly,%,四川省统计局,https://data.stats.gov.cn,
2018-12-31,四川省,房地产开发投资_同比增速,10.6,monthly,%,四川省统计局,https://data.stats.gov.cn,
2018-12-31,四川省,房地产开发投资_累计值,5697.87,monthly,亿元,四川省统计局,https://data.stats.gov.cn,
2018-12-31,四川省,社会消费品零售总额_同比增速,11.1,monthly,%,四川省统计局,https://data.stats.gov.cn,
2018-12-31,四川省,社会消费品零售总额_累计值,18254.54,monthly,亿元,四川省统计局,https://data.stats.gov.cn,
2018-12-31,四川省,规模以上工业增加值_同比增速,8.3,monthly,%,四川省统计局,https://data.stats.gov.cn,
2019-02-28,四川省,房地产开发投资_同比增速,12.9,monthly,%,四川省统计局,https://data.stats.gov.cn,
2019-02-28,四川省,房地产开发投资_累计值,736.71,monthly,亿元,四川省统计局,https://data.stats.gov.cn,
2019-02-28,四川省,社会消费品零售总额_同比增速,10.0,monthly,%,四川省统计局,https://data.stats.gov.cn,
2019-02-28,四川省,社会消费品零售总额_累计值,3112.06,monthly,亿元,四川省统计局,https://data.stats.gov.cn,
2019-02-28,四川省,规模以上工业增加值_同比增速,7.8,monthly,%,四川省统计局,https://data.stats.gov.cn,
2019-03-31,四川省,房地产开发投资_同比增速,16.2,monthly,%,四川省统计局,https://data.stats.gov.cn,
2019-03-31,四川省,房地产开发投资_累计值,1308.31,monthly,亿元,四川省统计局,https://data.stats.gov.cn,
2019-03-31,四川省,社会消费品零售总额_同比增速,9.9,monthly,%,四川省统计局,https://data.stats.gov.cn,
2019-03-31,四川省,社会消费品零售总额_累计值,4702.0,monthly,亿元,四川省统计局,https://data.stats.gov.cn,
2019-03-31,四川省,规模以上工业增加值_同比增速,8.1,monthly,%,四川省统计局,https://data.stats.gov.cn,
2019-04-30,四川省,房地产开发投资_同比增速,17.2,monthly,%,四川省统计局,https://data.stats.gov.cn,
2019-04-30,四川省,房地产开发投资_累计值,1840.71,monthly,亿元,四川省统计局,https://data.stats.gov.cn,
2019-04-30,四川省,社会消费品零售总额_同比增速,9.7,monthly,%,四川省统计局,https://data.stats.gov.cn,
2019-04-30,四川省,社会消费品零售总额_累计值,6273.3,monthly,亿元,四川省统计局,https://data.stats.gov.cn,
2019-04-30,四川省,规模以上工业增加值_同比增速,8.1,monthly,%,四川省统计局,https://data.stats.gov.cn,
2019-05-31,四川省,房地产开发投资_同比增速,15.8,monthly,%,四川省统计局,https://data.stats.gov.cn,
2019-05-31,四川省,房地产开发投资_累计值,2392.65,monthly,亿元,四川省统计局,https://data.stats.gov.cn,
2019-05-31,四川省,社会消费品零售总额_同比增速,10.0,monthly,%,四川省统计局,https://data.stats.gov.cn,
2019-05-31,四川省,社会消费品零售总额_累计值,7962.28,monthly,亿元,四川省统计局,https://data.stats.gov.cn,
2019-05-31,四川省,规模以上工业增加值_同比增速,8.2,monthly,%,四川省统计局,https://data.stats.gov.cn,
2019-06-30,四川省,房地产开发投资_同比增速,17.2,monthly,%,四川省统计局,https://data.stats.gov.cn,
2019-06-30,四川省,房地产开发投资_累计值,3101.11,monthly,亿元,四川省统计局,https://data.stats.gov.cn,
2019-06-30,四川省,社会消费品零售总额_同比增速,10.5,monthly,%,四川省统计局,https://data.stats.gov.cn,
2019-06-30,四川省,社会消费品零售总额_累计值,9641.48,monthly,亿元,四川省统计局,https://data.stats.gov.cn,
2019-06-30,四川省,规模以上工业增加值_同比增速,8.2,monthly,%,四川省统计局,https://data.stats.gov.cn,
2019-07-31,四川省,房地产开发投资_同比增速,17.5,monthly,%,四川省统计局,https://data.stats.gov.cn,
2019-07-31,四川省,房地产开发投资_累计值,3615.8,monthly,亿元,四川省统计局,https://data.stats.gov.cn,
2019-07-31,四川省,社会消费品零售总额_同比增速,10.3,monthly,%,四川省统计局,https://data.stats.gov.cn,
2019-07-31,四川省,社会消费品零售总额_累计值,11265.79,monthly,亿元,四川省统计局,https://data.stats.gov.cn,
2019-07-31,四川省,规模以上工业增加值_同比增速,8.1,monthly,%,四川省统计局,https://data.stats.gov.cn,
2019-08-31,四川省,房地产开发投资_同比增速,18.3,monthly,%,四川省统计局,https://data.stats.gov.cn,
2019-08-31,四川省,房地产开发投资_累计值,4215.66,monthly,亿元,四川省统计局,https://data.stats.gov.cn,
2019-08-31,四川省,社会消费品零售总额_同比增速,10.3,monthly,%,四川省统计局,https://data.stats.gov.cn,
2019-08-31,四川省,社会消费品零售总额_累计值,12861.82,monthly,亿元,四川省统计局,https://data.stats.gov.cn,
2019-08-31,四川省,规模以上工业增加值_同比增速,8.1,monthly,%,四川省统计局,https://data.stats.gov.cn,
2019-09-30,四川省,房地产开发投资_同比增速,17.2,monthly,%,四川省统计局,https://data.stats.gov.cn,
2019-09-30,四川省,房地产开发投资_累计值,4872.45,monthly,亿元,四川省统计局,https://data.stats.gov.cn,
2019-09-30,四川省,社会消费品零售总额_同比增速,10.3,monthly,%,四川省统计局,https://data.stats.gov.cn,
2019-09-30,四川省,社会消费品零售总额_累计值,14493.02,monthly,亿元,四川省统计局,https://data.stats.gov.cn,
2019-09-30,四川省,规模以上工业增加值_同比增速,8.2,monthly,%,四川省统计局,https://data.stats.gov.cn,
2019-10-31,四川省,房地产开发投资_同比增速,17.5,monthly,%,四川省统计局,https://data.stats.gov.cn,
2019-10-31,四川省,房地产开发投资_累计值,5474.79,monthly,亿元,四川省统计局,https://data.stats.gov.cn,
2019-10-31,四川省,社会消费品零售总额_同比增速,10.2,monthly,%,四川省统计局,https://data.stats.gov.cn,
2019-10-31,四川省,社会消费品零售总额_累计值,16342.23,monthly,亿元,四川省统计局,https://data.stats.gov.cn,
2019-10-31,四川省,规模以上工业增加值_同比增速,8.1,monthly,%,四川省统计局,https://data.stats.gov.cn,
2019-11-30,四川省,房地产开发投资_同比增速,16.1,monthly,%,四川省统计局,https://data.stats.gov.cn,
2019-11-30,四川省,房地产开发投资_累计值,6011.53,monthly,亿元,四川省统计局,https://data.stats.gov.cn,
2019-11-30,四川省,社会消费品零售总额_同比增速,10.3,monthly,%,四川省统计局,https://data.stats.gov.cn,
2019-11-30,四川省,社会消费品零售总额_累计值,18188.99,monthly,亿元,四川省统计局,https://data.stats.gov.cn,
2019-11-30,四川省,规模以上工业增加值_同比增速,8.0,monthly,%,四川省统计局,https://data.stats.gov.cn,
2019-12-31,四川省,房地产开发投资_同比增速,15.4,monthly,%,四川省统计局,https://data.stats.gov.cn,
2019-12-31,四川省,房地产开发投资_累计值,6573.24,monthly,亿元,四川省统计局,https://data.stats.gov.cn,
2019-12-31,四川省,社会消费品零售总额_同比增速,10.4,monthly,%,四川省统计局,https://data.stats.gov.cn,
2019-12-31,四川省,社会消费品零售总额_累计值,20144.32,monthly,亿元,四川省统计局,https://data.stats.gov.cn,
2019-12-31,四川省,规模以上工业增加值_同比增速,8.0,monthly,%,四川省统计局,https://data.stats.gov.cn,
2020-02-29,四川省,房地产开发投资_同比增速,-8.7,monthly,%,四川省统计局,https://data.stats.gov.cn,
2020-02-29,四川省,房地产开发投资_累计值,672.61,monthly,亿元,四川省统计局,https://data.stats.gov.cn,
2020-02-29,四川省,社会消费品零售总额_同比增速,-15.5,monthly,%,四川省统计局,https://data.stats.gov.cn,
2020-02-29,四川省,社会消费品零售总额_累计值,2787.6,monthly,亿元,四川省统计局,https://data.stats.gov.cn,
2020-02-29,四川省,规模以上工业增加值_同比增速,-5.2,monthly,%,四川省统计局,https://data.stats.gov.cn,
2020-03-31,四川省,房地产开发投资_同比增速,1.8,monthly,%,四川省统计局,https://data.stats.gov.cn,
2020-03-31,四川省,房地产开发投资_累计值,1332.35,monthly,亿元,四川省统计局,https://data.stats.gov.cn,
2020-03-31,四川省,社会消费品零售总额_同比增速,-13.0,monthly,%,四川省统计局,https://data.stats.gov.cn,
2020-03-31,四川省,社会消费品零售总额_累计值,4334.4,monthly,亿元,四川省统计局,https://data.stats.gov.cn,
2020-03-31,四川省,规模以上工业增加值_同比增速,-0.9,monthly,%,四川省统计局,https://data.stats.gov.cn,
2020-04-30,四川省,房地产开发投资_同比增速,5.9,monthly,%,四川省统计局,https://data.stats.gov.cn,
2020-04-30,四川省,房地产开发投资_累计值,1950.19,monthly,亿元,四川省统计局,https://data.stats.gov.cn,
2020-04-30,四川省,社会消费品零售总额_同比增速,-10.7,monthly,%,四川省统计局,https://data.stats.gov.cn,
2020-04-30,四川省,社会消费品零售总额_累计值,5935.68,monthly,亿元,四川省统计局,https://data.stats.gov.cn,
2020-04-30,四川省,规模以上工业增加值_同比增速,1.0,monthly,%,四川省统计局,https://data.stats.gov.cn,
2020-05-31,四川省,房地产开发投资_同比增速,7.4,monthly,%,四川省统计局,https://data.stats.gov.cn,
2020-05-31,四川省,房地产开发投资_累计值,2570.01,monthly,亿元,四川省统计局,https://data.stats.gov.cn,
2020-05-31,四川省,社会消费品零售总额_同比增速,-8.8,monthly,%,四川省统计局,https://data.stats.gov.cn,
2020-05-31,四川省,社会消费品零售总额_累计值,7690.03,monthly,亿元,四川省统计局,https://data.stats.gov.cn,
2020-05-31,四川省,规模以上工业增加值_同比增速,2.0,monthly,%,四川省统计局,https://data.stats.gov.cn,
2020-06-30,四川省,房地产开发投资_同比增速,8.4,monthly,%,四川省统计局,https://data.stats.gov.cn,
2020-06-30,四川省,房地产开发投资_累计值,3360.5,monthly,亿元,四川省统计局,https://data.stats.gov.cn,
2020-06-30,四川省,社会消费品零售总额_同比增速,-7.5,monthly,%,四川省统计局,https://data.stats.gov.cn,
2020-06-30,四川省,社会消费品零售总额_累计值,9444.87,monthly,亿元,四川省统计局,https://data.stats.gov.cn,
2020-06-30,四川省,规模以上工业增加值_同比增速,2.5,monthly,%,四川省统计局,https://data.stats.gov.cn,
2020-07-31,四川省,房地产开发投资_同比增速,9.1,monthly,%,四川省统计局,https://data.stats.gov.cn,
2020-07-31,四川省,房地产开发投资_累计值,3946.09,monthly,亿元,四川省统计局,https://data.stats.gov.cn,
2020-07-31,四川省,社会消费品零售总额_同比增速,-6.6,monthly,%,四川省统计局,https://data.stats.gov.cn,
2020-07-31,四川省,社会消费品零售总额_累计值,11153.22,monthly,亿元,四川省统计局,https://data.stats.gov.cn,
2020-07-31,四川省,规模以上工业增加值_同比增速,2.6,monthly,%,四川省统计局,https://data.stats.gov.cn,
2020-08-31,四川省,房地产开发投资_同比增速,9.9,monthly,%,四川省统计局,https://data.stats.gov.cn,
2020-08-31,四川省,房地产开发投资_累计值,4632.63,monthly,亿元,四川省统计局,https://data.stats.gov.cn,
2020-08-31,四川省,社会消费品零售总额_同比增速,-5.6,monthly,%,四川省统计局,https://data.stats.gov.cn,
2020-08-31,四川省,社会消费品零售总额_累计值,12863.06,monthly,亿元,四川省统计局,https://data.stats.gov.cn,
2020-08-31,四川省,规模以上工业增加值_同比增速,2.7,monthly,%,四川省统计局,https://data.stats.gov.cn,
2020-09-30,四川省,房地产开发投资_同比增速,9.6,monthly,%,四川省统计局,https://data.stats.gov.cn,
2020-09-30,四川省,房地产开发投资_累计值,5340.78,monthly,亿元,四川省统计局,https://data.stats.gov.cn,
2020-09-30,四川省,社会消费品零售总额_同比增速,-4.8,monthly,%,四川省统计局,https://data.stats.gov.cn,
2020-09-30,四川省,社会消费品零售总额_累计值,14619.32,monthly,亿元,四川省统计局,https://data.stats.gov.cn,
2020-09-30,四川省,规模以上工业增加值_同比增速,3.2,monthly,%,四川省统计局,https://data.stats.gov.cn,
2020-10-31,四川省,房地产开发投资_同比增速,9.8,monthly,%,四川省统计局,https://data.stats.gov.cn,
2020-10-31,四川省,房地产开发投资_累计值,6012.51,monthly,亿元,四川省统计局,https://data.stats.gov.cn,
2020-10-31,四川省,社会消费品零售总额_同比增速,-3.9,monthly,%,四川省统计局,https://data.stats.gov.cn,
2020-10-31,四川省,社会消费品零售总额_累计值,16636.68,monthly,亿元,四川省统计局,https://data.stats.gov.cn,
2020-10-31,四川省,规模以上工业增加值_同比增速,3.7,monthly,%,四川省统计局,https://data.stats.gov.cn,
2020-11-30,四川省,房地产开发投资_同比增速,10.8,monthly,%,四川省统计局,https://data.stats.gov.cn,
2020-11-30,四川省,房地产开发投资_累计值,6659.28,monthly,亿元,四川省统计局,https://data.stats.gov.cn,
2020-11-30,四川省,社会消费品零售总额_同比增速,-3.2,monthly,%,四川省统计局,https://data.stats.gov.cn,
2020-11-30,四川省,社会消费品零售总额_累计值,18658.24,monthly,亿元,四川省统计局,https://data.stats.gov.cn,
2020-11-30,四川省,规模以上工业增加值_同比增速,4.0,monthly,%,四川省统计局,https://data.stats.gov.cn,
2020-12-31,四川省,房地产开发投资_同比增速,11.3,monthly,%,四川省统计局,https://data.stats.gov.cn,
2020-12-31,四川省,房地产开发投资_累计值,7315.31,monthly,亿元,四川省统计局,https://data.stats.gov.cn,
2020-12-31,四川省,社会消费品零售总额_同比增速,-2.4,monthly,%,四川省统计局,https://data.stats.gov.cn,
2020-12-31,四川省,社会消费品零售总额_累计值,20824.87,monthly,亿元,四川省统计局,https://data.stats.gov.cn,
2020-12-31,四川省,规模以上工业增加值_同比增速,4.5,monthly,%,四川省统计局,https://data.stats.gov.cn,
2021-02-28,四川省,房地产开发投资_同比增速,37.2,monthly,%,四川省统计局,https://data.stats.gov.cn,
2021-02-28,四川省,房地产开发投资_累计值,922.76,monthly,亿元,四川省统计局,https://data.stats.gov.cn,
2021-02-28,四川省,社会消费品零售总额_同比增速,28.1,monthly,%,四川省统计局,https://data.stats.gov.cn,
2021-02-28,四川省,社会消费品零售总额_累计值,3570.27,monthly,亿元,四川省统计局,https://data.stats.gov.cn,
2021-02-28,四川省,规模以上工业增加值_同比增速,16.4,monthly,%,四川省统计局,https://data.stats.gov.cn,
2021-03-31,四川省,房地产开发投资_同比增速,23.2,monthly,%,四川省统计局,https://data.stats.gov.cn,
2021-03-31,四川省,房地产开发投资_累计值,1641.71,monthly,亿元,四川省统计局,https://data.stats.gov.cn,
2021-03-31,四川省,社会消费品零售总额_同比增速,29.9,monthly,%,四川省统计局,https://data.stats.gov.cn,
2021-03-31,四川省,社会消费品零售总额_累计值,5628.41,monthly,亿元,四川省统计局,https://data.stats.gov.cn,
2021-03-31,四川省,规模以上工业增加值_同比增速,15.5,monthly,%,四川省统计局,https://data.stats.gov.cn,
2021-04-30,四川省,房地产开发投资_同比增速,18.6,monthly,%,四川省统计局,https://data.stats.gov.cn,
2021-04-30,四川省,房地产开发投资_累计值,2312.89,monthly,亿元,四川省统计局,https://data.stats.gov.cn,
2021-04-30,四川省,社会消费品零售总额_同比增速,27.9,monthly,%,四川省统计局,https://data.stats.gov.cn,
2021-04-30,四川省,社会消费品零售总额_累计值,7590.91,monthly,亿元,四川省统计局,https://data.stats.gov.cn,
2021-04-30,四川省,规模以上工业增加值_同比增速,14.1,monthly,%,四川省统计局,https://data.stats.gov.cn,
2021-05-31,四川省,房地产开发投资_同比增速,16.4,monthly,%,四川省统计局,https://data.stats.gov.cn,
2021-05-31,四川省,房地产开发投资_累计值,2992.63,monthly,亿元,四川省统计局,https://data.stats.gov.cn,
2021-05-31,四川省,社会消费品零售总额_同比增速,25.4,monthly,%,四川省统计局,https://data.stats.gov.cn,
2021-05-31,四川省,社会消费品零售总额_累计值,9642.92,monthly,亿元,四川省统计局,https://data.stats.gov.cn,
2021-05-31,四川省,规模以上工业增加值_同比增速,12.8,monthly,%,四川省统计局,https://data.stats.gov.cn,
2021-06-30,四川省,房地产开发投资_同比增速,15.2,monthly,%,四川省统计局,https://data.stats.gov.cn,
2021-06-30,四川省,房地产开发投资_累计值,3869.8,monthly,亿元,四川省统计局,https://data.stats.gov.cn,
2021-06-30,四川省,社会消费品零售总额_同比增速,23.7,monthly,%,四川省统计局,https://data.stats.gov.cn,
2021-06-30,四川省,社会消费品零售总额_累计值,11684.65,monthly,亿元,四川省统计局,https://data.stats.gov.cn,
2021-06-30,四川省,规模以上工业增加值_同比增速,12.1,monthly,%,四川省统计局,https://data.stats.gov.cn,
2021-07-31,四川省,房地产开发投资_同比增速,14.2,monthly,%,四川省统计局,https://data.stats.gov.cn,
2021-07-31,四川省,房地产开发投资_累计值,4507.15,monthly,亿元,四川省统计局,https://data.stats.gov.cn,
2021-07-31,四川省,社会消费品零售总额_同比增速,22.3,monthly,%,四川省统计局,https://data.stats.gov.cn,
2021-07-31,四川省,社会消费品零售总额_累计值,13642.94,monthly,亿元,四川省统计局,https://data.stats.gov.cn,
2021-07-31,四川省,规模以上工业增加值_同比增速,11.6,monthly,%,四川省统计局,https://data.stats.gov.cn,
2021-08-31,四川省,房地产开发投资_同比增速,12.7,monthly,%,四川省统计局,https://data.stats.gov.cn,
2021-08-31,四川省,房地产开发投资_累计值,5221.04,monthly,亿元,四川省统计局,https://data.stats.gov.cn,
2021-08-31,四川省,社会消费品零售总额_同比增速,20.0,monthly,%,四川省统计局,https://data.stats.gov.cn,
2021-08-31,四川省,社会消费品零售总额_累计值,15440.57,monthly,亿元,四川省统计局,https://data.stats.gov.cn,
2021-08-31,四川省,规模以上工业增加值_同比增速,11.2,monthly,%,四川省统计局,https://data.stats.gov.cn,
2021-09-30,四川省,房地产开发投资_同比增速,10.8,monthly,%,四川省统计局,https://data.stats.gov.cn,
2021-09-30,四川省,房地产开发投资_累计值,5920.13,monthly,亿元,四川省统计局,https://data.stats.gov.cn,
2021-09-30,四川省,社会消费品零售总额_同比增速,18.9,monthly,%,四川省统计局,https://data.stats.gov.cn,
2021-09-30,四川省,社会消费品零售总额_累计值,17381.75,monthly,亿元,四川省统计局,https://data.stats.gov.cn,
2021-09-30,四川省,规模以上工业增加值_同比增速,10.7,monthly,%,四川省统计局,https://data.stats.gov.cn,
2021-10-31,四川省,房地产开发投资_同比增速,9.9,monthly,%,四川省统计局,https://data.stats.gov.cn,
2021-10-31,四川省,房地产开发投资_累计值,6607.54,monthly,亿元,四川省统计局,https://data.stats.gov.cn,
2021-10-31,四川省,社会消费品零售总额_同比增速,18.0,monthly,%,四川省统计局,https://data.stats.gov.cn,
2021-10-31,四川省,社会消费品零售总额_累计值,19630.06,monthly,亿元,四川省统计局,https://data.stats.gov.cn,
2021-10-31,四川省,规模以上工业增加值_同比增速,10.2,monthly,%,四川省统计局,https://data.stats.gov.cn,
2021-11-30,四川省,房地产开发投资_同比增速,8.8,monthly,%,四川省统计局,https://data.stats.gov.cn,
2021-11-30,四川省,房地产开发投资_累计值,7242.06,monthly,亿元,四川省统计局,https://data.stats.gov.cn,
2021-11-30,四川省,社会消费品零售总额_同比增速,16.7,monthly,%,四川省统计局,https://data.stats.gov.cn,
2021-11-30,四川省,社会消费品零售总额_累计值,21779.89,monthly,亿元,四川省统计局,https://data.stats.gov.cn,
2021-11-30,四川省,规模以上工业增加值_同比增速,10.0,monthly,%,四川省统计局,https://data.stats.gov.cn,
2021-12-31,四川省,房地产开发投资_同比增速,7.1,monthly,%,四川省统计局,https://data.stats.gov.cn,
2021-12-31,四川省,房地产开发投资_累计值,7831.88,monthly,亿元,四川省统计局,https://data.stats.gov.cn,
2021-12-31,四川省,社会消费品零售总额_同比增速,15.9,monthly,%,四川省统计局,https://data.stats.gov.cn,
2021-12-31,四川省,社会消费品零售总额_累计值,24133.21,monthly,亿元,四川省统计局,https://data.stats.gov.cn,
2021-12-31,四川省,规模以上工业增加值_同比增速,9.8,monthly,%,四川省统计局,https://data.stats.gov.cn,
2022-02-28,四川省,房地产开发投资_同比增速,7.0,monthly,%,四川省统计局,https://data.stats.gov.cn,
2022-02-28,四川省,房地产开发投资_累计值,987.48,monthly,亿元,四川省统计局,https://data.stats.gov.cn,
2022-02-28,四川省,社会消费品零售总额_同比增速,7.4,monthly,%,四川省统计局,https://data.stats.gov.cn,
2022-02-28,四川省,社会消费品零售总额_累计值,3832.88,monthly,亿元,四川省统计局,https://data.stats.gov.cn,
2022-02-28,四川省,规模以上工业增加值_同比增速,8.8,monthly,%,四川省统计局,https://data.stats.gov.cn,
2022-03-31,四川省,房地产开发投资_同比增速,6.7,monthly,%,四川省统计局,https://data.stats.gov.cn,
2022-03-31,四川省,房地产开发投资_累计值,1751.26,monthly,亿元,四川省统计局,https://data.stats.gov.cn,
2022-03-31,四川省,社会消费品零售总额_同比增速,5.1,monthly,%,四川省统计局,https://data.stats.gov.cn,
2022-03-31,四川省,社会消费品零售总额_累计值,5917.03,monthly,亿元,四川省统计局,https://data.stats.gov.cn,
2022-03-31,四川省,规模以上工业增加值_同比增速,8.1,monthly,%,四川省统计局,https://data.stats.gov.cn,
2022-04-30,四川省,房地产开发投资_同比增速,2.9,monthly,%,四川省统计局,https://data.stats.gov.cn,
2022-04-30,四川省,房地产开发投资_累计值,2379.83,monthly,亿元,四川省统计局,https://data.stats.gov.cn,
2022-04-30,四川省,社会消费品零售总额_同比增速,2.4,monthly,%,四川省统计局,https://data.stats.gov.cn,
2022-04-30,四川省,社会消费品零售总额_累计值,7770.75,monthly,亿元,四川省统计局,https://data.stats.gov.cn,
2022-04-30,四川省,规模以上工业增加值_同比增速,7.0,monthly,%,四川省统计局,https://data.stats.gov.cn,
2022-05-31,四川省,房地产开发投资_同比增速,2.0,monthly,%,四川省统计局,https://data.stats.gov.cn,
2022-05-31,四川省,房地产开发投资_累计值,3051.39,monthly,亿元,四川省统计局,https://data.stats.gov.cn,
2022-05-31,四川省,社会消费品零售总额_同比增速,0.6,monthly,%,四川省统计局,https://data.stats.gov.cn,
2022-05-31,四川省,社会消费品零售总额_累计值,9701.2,monthly,亿元,四川省统计局,https://data.stats.gov.cn,
2022-05-31,四川省,规模以上工业增加值_同比增速,6.1,monthly,%,四川省统计局,https://data.stats.gov.cn,
2022-06-30,四川省,房地产开发投资_同比增速,-2.5,monthly,%,四川省统计局,https://data.stats.gov.cn,
2022-06-30,四川省,房地产开发投资_累计值,3774.67,monthly,亿元,四川省统计局,https://data.stats.gov.cn,
2022-06-30,四川省,社会消费品零售总额_同比增速,0.6,monthly,%,四川省统计局,https://data.stats.gov.cn,
2022-06-30,四川省,社会消费品零售总额_累计值,11750.54,monthly,亿元,四川省统计局,https://data.stats.gov.cn,
2022-06-30,四川省,规模以上工业增加值_同比增速,3.6,monthly,%,四川省统计局,https://data.stats.gov.cn,
2022-07-31,四川省,房地产开发投资_同比增速,-1.9,monthly,%,四川省统计局,https://data.stats.gov.cn,
2022-07-31,四川省,房地产开发投资_累计值,4423.07,monthly,亿元,四川省统计局,https://data.stats.gov.cn,
2022-07-31,四川省,社会消费品零售总额_同比增速,0.4,monthly,%,四川省统计局,https://data.stats.gov.cn,
2022-07-31,四川省,社会消费品零售总额_累计值,13701.33,monthly,亿元,四川省统计局,https://data.stats.gov.cn,
2022-07-31,四川省,规模以上工业增加值_同比增速,3.8,monthly,%,四川省统计局,https://data.stats.gov.cn,
2022-08-31,四川省,房地产开发投资_同比增速,-2.8,monthly,%,四川省统计局,https://data.stats.gov.cn,
2022-08-31,四川省,房地产开发投资_累计值,5074.94,monthly,亿元,四川省统计局,https://data.stats.gov.cn,
2022-08-31,四川省,社会消费品零售总额_同比增速,0.5,monthly,%,四川省统计局,https://data.stats.gov.cn,
2022-08-31,四川省,社会消费品零售总额_累计值,15518.32,monthly,亿元,四川省统计局,https://data.stats.gov.cn,
2022-08-31,四川省,规模以上工业增加值_同比增速,2.0,monthly,%,四川省统计局,https://data.stats.gov.cn,
2022-09-30,四川省,房地产开发投资_同比增速,-3.0,monthly,%,四川省统计局,https://data.stats.gov.cn,
2022-09-30,四川省,房地产开发投资_累计值,5743.25,monthly,亿元,四川省统计局,https://data.stats.gov.cn,
2022-09-30,四川省,社会消费品零售总额_同比增速,-0.2,monthly,%,四川省统计局,https://data.stats.gov.cn,
2022-09-30,四川省,社会消费品零售总额_累计值,17345.3,monthly,亿元,四川省统计局,https://data.stats.gov.cn,
2022-09-30,四川省,规模以上工业增加值_同比增速,2.4,monthly,%,四川省统计局,https://data.stats.gov.cn,
2022-10-31,四川省,房地产开发投资_同比增速,-3.2,monthly,%,四川省统计局,https://data.stats.gov.cn,
2022-10-31,四川省,房地产开发投资_累计值,6393.02,monthly,亿元,四川省统计局,https://data.stats.gov.cn,
2022-10-31,四川省,社会消费品零售总额_同比增速,-0.2,monthly,%,四川省统计局,https://data.stats.gov.cn,
2022-10-31,四川省,社会消费品零售总额_累计值,19589.23,monthly,亿元,四川省统计局,https://data.stats.gov.cn,
2022-10-31,四川省,规模以上工业增加值_同比增速,3.0,monthly,%,四川省统计局,https://data.stats.gov.cn,
2022-11-30,四川省,房地产开发投资_同比增速,-3.6,monthly,%,四川省统计局,https://data.stats.gov.cn,
2022-11-30,四川省,房地产开发投资_累计值,6980.04,monthly,亿元,四川省统计局,https://data.stats.gov.cn,
2022-11-30,四川省,社会消费品零售总额_同比增速,-0.4,monthly,%,四川省统计局,https://data.stats.gov.cn,
2022-11-30,四川省,社会消费品零售总额_累计值,21699.05,monthly,亿元,四川省统计局,https://data.stats.gov.cn,
2022-11-30,四川省,规模以上工业增加值_同比增速,3.4,monthly,%,四川省统计局,https://data.stats.gov.cn,
2022-12-31,四川省,房地产开发投资_同比增速,-4.2,monthly,%,四川省统计局,https://data.stats.gov.cn,
2022-12-31,四川省,房地产开发投资_累计值,7500.01,monthly,亿元,四川省统计局,https://data.stats.gov.cn,
2022-12-31,四川省,社会消费品零售总额_同比增速,-0.1,monthly,%,四川省统计局,https://data.stats.gov.cn,
2022-12-31,四川省,社会消费品零售总额_累计值,24104.64,monthly,亿元,四川省统计局,https://data.stats.gov.cn,
2022-12-31,四川省,规模以上工业增加值_同比增速,3.8,monthly,%,四川省统计局,https://data.stats.gov.cn,
2023-02-28,四川省,房地产开发投资_同比增速,-6.9,monthly,%,四川省统计局,https://data.stats.gov.cn,
2023-02-28,四川省,房地产开发投资_累计值,919.21,monthly,亿元,四川省统计局,https://data.stats.gov.cn,
2023-02-28,四川省,社会消费品零售总额_同比增速,6.8,monthly,%,四川省统计局,https://data.stats.gov.cn,
2023-02-28,四川省,社会消费品零售总额_累计值,4093.38,monthly,亿元,四川省统计局,https://data.stats.gov.cn,
2023-02-28,四川省,规模以上工业增加值_同比增速,7.1,monthly,%,四川省统计局,https://data.stats.gov.cn,
2023-03-31,四川省,房地产开发投资_同比增速,-15.0,monthly,%,四川省统计局,https://data.stats.gov.cn,
2023-03-31,四川省,房地产开发投资_累计值,1323.62,monthly,亿元,四川省统计局,https://data.stats.gov.cn,
2023-03-31,四川省,社会消费品零售总额_同比增速,4.3,monthly,%,四川省统计局,https://data.stats.gov.cn,
2023-03-31,四川省,社会消费品零售总额_累计值,6174.14,monthly,亿元,四川省统计局,https://data.stats.gov.cn,
2023-03-31,四川省,规模以上工业增加值_同比增速,0.4,monthly,%,四川省统计局,https://data.stats.gov.cn,
2023-04-30,四川省,房地产开发投资_同比增速,-17.8,monthly,%,四川省统计局,https://data.stats.gov.cn,
2023-04-30,四川省,房地产开发投资_累计值,1783.91,monthly,亿元,四川省统计局,https://data.stats.gov.cn,
2023-04-30,四川省,社会消费品零售总额_同比增速,6.4,monthly,%,四川省统计局,https://data.stats.gov.cn,
2023-04-30,四川省,社会消费品零售总额_累计值,8270.82,monthly,亿元,四川省统计局,https://data.stats.gov.cn,
2023-04-30,四川省,规模以上工业增加值_同比增速,1.4,monthly,%,四川省统计局,https://data.stats.gov.cn,
2023-05-31,四川省,房地产开发投资_同比增速,-18.7,monthly,%,四川省统计局,https://data.stats.gov.cn,
2023-05-31,四川省,房地产开发投资_累计值,2277.37,monthly,亿元,四川省统计局,https://data.stats.gov.cn,
2023-05-31,四川省,社会消费品零售总额_同比增速,7.8,monthly,%,四川省统计局,https://data.stats.gov.cn,
2023-05-31,四川省,社会消费品零售总额_累计值,10453.35,monthly,亿元,四川省统计局,https://data.stats.gov.cn,
2023-05-31,四川省,规模以上工业增加值_同比增速,2.9,monthly,%,四川省统计局,https://data.stats.gov.cn,
2023-06-30,四川省,房地产开发投资_同比增速,-19.0,monthly,%,四川省统计局,https://data.stats.gov.cn,
2023-06-30,四川省,房地产开发投资_累计值,2827.33,monthly,亿元,四川省统计局,https://data.stats.gov.cn,
2023-06-30,四川省,社会消费品零售总额_同比增速,7.6,monthly,%,四川省统计局,https://data.stats.gov.cn,
2023-06-30,四川省,社会消费品零售总额_累计值,12639.3,monthly,亿元,四川省统计局,https://data.stats.gov.cn,
2023-06-30,四川省,规模以上工业增加值_同比增速,4.3,monthly,%,四川省统计局,https://data.stats.gov.cn,
2023-07-31,四川省,房地产开发投资_同比增速,-19.5,monthly,%,四川省统计局,https://data.stats.gov.cn,
2023-07-31,四川省,房地产开发投资_累计值,3296.42,monthly,亿元,四川省统计局,https://data.stats.gov.cn,
2023-07-31,四川省,社会消费品零售总额_同比增速,7.8,monthly,%,四川省统计局,https://data.stats.gov.cn,
2023-07-31,四川省,社会消费品零售总额_累计值,14766.5,monthly,亿元,四川省统计局,https://data.stats.gov.cn,
2023-07-31,四川省,规模以上工业增加值_同比增速,4.7,monthly,%,四川省统计局,https://data.stats.gov.cn,
2023-08-31,四川省,房地产开发投资_同比增速,-20.3,monthly,%,四川省统计局,https://data.stats.gov.cn,
2023-08-31,四川省,社会消费品零售总额_同比增速,8.2,monthly,%,四川省统计局,https://data.stats.gov.cn,
2023-08-31,四川省,社会消费品零售总额_累计值,16797.42,monthly,亿元,四川省统计局,https://data.stats.gov.cn,
2023-08-31,四川省,规模以上工业增加值_同比增速,6.4,monthly,%,四川省统计局,https://data.stats.gov.cn,
2023-09-30,四川省,房地产开发投资_同比增速,-21.3,monthly,%,四川省统计局,https://data.stats.gov.cn,
2023-09-30,四川省,社会消费品零售总额_同比增速,9.2,monthly,%,四川省统计局,https://data.stats.gov.cn,
2023-09-30,四川省,社会消费品零售总额_累计值,18940.57,monthly,亿元,四川省统计局,https://data.stats.gov.cn,
2023-09-30,四川省,规模以上工业增加值_同比增速,6.8,monthly,%,四川省统计局,https://data.stats.gov.cn,
2023-10-31,四川省,房地产开发投资_同比增速,-21.8,monthly,%,四川省统计局,https://data.stats.gov.cn,
2023-10-31,四川省,社会消费品零售总额_同比增速,9.4,monthly,%,四川省统计局,https://data.stats.gov.cn,
2023-10-31,四川省,社会消费品零售总额_累计值,21428.1,monthly,亿元,四川省统计局,https://data.stats.gov.cn,
2023-10-31,四川省,规模以上工业增加值_同比增速,6.4,monthly,%,四川省统计局,https://data.stats.gov.cn,
2023-11-30,四川省,房地产开发投资_同比增速,-22.3,monthly,%,四川省统计局,https://data.stats.gov.cn,
2023-11-30,四川省,社会消费品零售总额_同比增速,9.4,monthly,%,四川省统计局,https://data.stats.gov.cn,
2023-11-30,四川省,社会消费品零售总额_累计值,23736.0,monthly,亿元,四川省统计局,https://data.stats.gov.cn,
2023-11-30,四川省,规模以上工业增加值_同比增速,6.2,monthly,%,四川省统计局,https://data.stats.gov.cn,
2023-12-31,四川省,房地产开发投资_同比增速,-23.3,monthly,%,四川省统计局,https://data.stats.gov.cn,
2023-12-31,四川省,社会消费品零售总额_同比增速,9.2,monthly,%,四川省统计局,https://data.stats.gov.cn,
2023-12-31,四川省,社会消费品零售总额_累计值,26313.4,monthly,亿元,四川省统计局,https://data.stats.gov.cn,
2023-12-31,四川省,规模以上工业增加值_同比增速,6.1,monthly,%,四川省统计局,https://data.stats.gov.cn,
2024-02-29,四川省,房地产开发投资_同比增速,-18.6,monthly,%,四川省统计局,https://data.stats.gov.cn,
2024-02-29,四川省,社会消费品零售总额_同比增速,5.7,monthly,%,四川省统计局,https://data.stats.gov.cn,
2024-02-29,四川省,社会消费品零售总额_累计值,4326.65,monthly,亿元,四川省统计局,https://data.stats.gov.cn,
2024-02-29,四川省,规模以上工业增加值_同比增速,6.3,monthly,%,四川省统计局,https://data.stats.gov.cn,
2024-03-31,四川省,房地产开发投资_同比增速,-16.9,monthly,%,四川省统计局,https://data.stats.gov.cn,
2024-03-31,四川省,社会消费品零售总额_同比增速,6.1,monthly,%,四川省统计局,https://data.stats.gov.cn,
2024-03-31,四川省,社会消费品零售总额_累计值,6550.7,monthly,亿元,四川省统计局,https://data.stats.gov.cn,
2024-03-31,四川省,规模以上工业增加值_同比增速,7.1,monthly,%,四川省统计局,https://data.stats.gov.cn,
2024-04-30,四川省,房地产开发投资_同比增速,-14.1,monthly,%,四川省统计局,https://data.stats.gov.cn,
2024-04-30,四川省,社会消费品零售总额_同比增速,5.4,monthly,%,四川省统计局,https://data.stats.gov.cn,
2024-04-30,四川省,社会消费品零售总额_累计值,8713.4,monthly,亿元,四川省统计局,https://data.stats.gov.cn,
2024-04-30,四川省,规模以上工业增加值_同比增速,6.8,monthly,%,四川省统计局,https://data.stats.gov.cn,
2024-05-31,四川省,房地产开发投资_同比增速,-13.2,monthly,%,四川省统计局,https://data.stats.gov.cn,
2024-05-31,四川省,社会消费品零售总额_同比增速,5.0,monthly,%,四川省统计局,https://data.stats.gov.cn,
2024-05-31,四川省,社会消费品零售总额_累计值,10979.0,monthly,亿元,四川省统计局,https://data.stats.gov.cn,
2024-05-31,四川省,规模以上工业增加值_同比增速,6.4,monthly,%,四川省统计局,https://data.stats.gov.cn,
2024-06-30,四川省,房地产开发投资_同比增速,-12.5,monthly,%,四川省统计局,https://data.stats.gov.cn,
2024-06-30,四川省,社会消费品零售总额_同比增速,4.9,monthly,%,四川省统计局,https://data.stats.gov.cn,
2024-06-30,四川省,社会消费品零售总额_累计值,13258.3,monthly,亿元,四川省统计局,https://data.stats.gov.cn,
2024-06-30,四川省,规模以上工业增加值_同比增速,6.2,monthly,%,四川省统计局,https://data.stats.gov.cn,
2024-07-31,四川省,房地产开发投资_同比增速,-12.0,monthly,%,四川省统计局,https://data.stats.gov.cn,
2024-07-31,四川省,社会消费品零售总额_同比增速,4.6,monthly,%,四川省统计局,https://data.stats.gov.cn,
2024-07-31,四川省,社会消费品零售总额_累计值,15452.8,monthly,亿元,四川省统计局,https://data.stats.gov.cn,
2024-07-31,四川省,规模以上工业增加值_同比增速,6.0,monthly,%,四川省统计局,https://data.stats.gov.cn,
2024-08-31,四川省,房地产开发投资_同比增速,-11.2,monthly,%,四川省统计局,https://data.stats.gov.cn,
2024-08-31,四川省,社会消费品零售总额_同比增速,4.4,monthly,%,四川省统计局,https://data.stats.gov.cn,
2024-08-31,四川省,社会消费品零售总额_累计值,17536.6,monthly,亿元,四川省统计局,https://data.stats.gov.cn,
2024-08-31,四川省,规模以上工业增加值_同比增速,6.0,monthly,%,四川省统计局,https://data.stats.gov.cn,
2024-09-30,四川省,房地产开发投资_同比增速,-11.1,monthly,%,四川省统计局,https://data.stats.gov.cn,
2024-09-30,四川省,社会消费品零售总额_同比增速,4.4,monthly,%,四川省统计局,https://data.stats.gov.cn,
2024-09-30,四川省,社会消费品零售总额_累计值,19767.6,monthly,亿元,四川省统计局,https://data.stats.gov.cn,
2024-09-30,四川省,规模以上工业增加值_同比增速,6.4,monthly,%,四川省统计局,https://data.stats.gov.cn,
2024-10-31,四川省,房地产开发投资_同比增速,-10.8,monthly,%,四川省统计局,https://data.stats.gov.cn,
2024-10-31,四川省,社会消费品零售总额_同比增速,4.4,monthly,%,四川省统计局,https://data.stats.gov.cn,
2024-10-31,四川省,社会消费品零售总额_累计值,22361.1,monthly,亿元,四川省统计局,https://data.stats.gov.cn,
2024-10-31,四川省,规模以上工业增加值_同比增速,6.7,monthly,%,四川省统计局,https://data.stats.gov.cn,
2024-11-30,四川省,房地产开发投资_同比增速,-9.9,monthly,%,四川省统计局,https://data.stats.gov.cn,
2024-11-30,四川省,社会消费品零售总额_同比增速,4.2,monthly,%,四川省统计局,https://data.stats.gov.cn,
2024-11-30,四川省,社会消费品零售总额_累计值,24741.9,monthly,亿元,四川省统计局,https://data.stats.gov.cn,
2024-11-30,四川省,规模以上工业增加值_同比增速,6.6,monthly,%,四川省统计局,https://data.stats.gov.cn,
2024-12-31,四川省,房地产开发投资_同比增速,-9.9,monthly,%,四川省统计局,https://data.stats.gov.cn,
2024-12-31,四川省,社会消费品零售总额_同比增速,4.2,monthly,%,四川省统计局,https://data.stats.gov.cn,
2024-12-31,四川省,社会消费品零售总额_累计值,27415.0,monthly,亿元,四川省统计局,https://data.stats.gov.cn,
2024-12-31,四川省,规模以上工业增加值_同比增速,6.6,monthly,%,四川省统计局,https://data.stats.gov.cn,
2025-02-28,四川省,房地产开发投资_同比增速,-6.3,monthly,%,四川省统计局,https://data.stats.gov.cn,
2025-02-28,四川省,社会消费品零售总额_同比增速,4.7,monthly,%,四川省统计局,https://data.stats.gov.cn,
2025-02-28,四川省,社会消费品零售总额_累计值,4645.7,monthly,亿元,四川省统计局,https://data.stats.gov.cn,
2025-02-28,四川省,规模以上工业增加值_同比增速,7.1,monthly,%,四川省统计局,https://data.stats.gov.cn,
2025-03-31,四川省,房地产开发投资_同比增速,-6.5,monthly,%,四川省统计局,https://data.stats.gov.cn,
2025-03-31,四川省,社会消费品零售总额_同比增速,5.2,monthly,%,四川省统计局,https://data.stats.gov.cn,
2025-03-31,四川省,社会消费品零售总额_累计值,7000.34,monthly,亿元,四川省统计局,https://data.stats.gov.cn,
2025-03-31,四川省,规模以上工业增加值_同比增速,7.2,monthly,%,四川省统计局,https://data.stats.gov.cn,
2025-04-30,四川省,房地产开发投资_同比增速,-6.8,monthly,%,四川省统计局,https://data.stats.gov.cn,
2025-04-30,四川省,社会消费品零售总额_同比增速,5.3,monthly,%,四川省统计局,https://data.stats.gov.cn,
2025-04-30,四川省,社会消费品零售总额_累计值,9285.9,monthly,亿元,四川省统计局,https://data.stats.gov.cn,
2025-04-30,四川省,规模以上工业增加值_同比增速,7.1,monthly,%,四川省统计局,https://data.stats.gov.cn,
2025-05-31,四川省,房地产开发投资_同比增速,-6.7,monthly,%,四川省统计局,https://data.stats.gov.cn,
2025-05-31,四川省,社会消费品零售总额_同比增速,5.6,monthly,%,四川省统计局,https://data.stats.gov.cn,
2025-05-31,四川省,社会消费品零售总额_累计值,11734.5,monthly,亿元,四川省统计局,https://data.stats.gov.cn,
2025-05-31,四川省,规模以上工业增加值_同比增速,7.1,monthly,%,四川省统计局,https://data.stats.gov.cn,
2025-06-30,四川省,房地产开发投资_同比增速,-6.5,monthly,%,四川省统计局,https://data.stats.gov.cn,
2025-06-30,四川省,社会消费品零售总额_同比增速,5.6,monthly,%,四川省统计局,https://data.stats.gov.cn,
2025-06-30,四川省,社会消费品零售总额_累计值,14160.2,monthly,亿元,四川省统计局,https://data.stats.gov.cn,
2025-06-30,四川省,规模以上工业增加值_同比增速,7.3,monthly,%,四川省统计局,https://data.stats.gov.cn,
2025-07-31,四川省,房地产开发投资_同比增速,-6.5,monthly,%,四川省统计局,https://data.stats.gov.cn,
2025-07-31,四川省,社会消费品零售总额_同比增速,5.6,monthly,%,四川省统计局,https://data.stats.gov.cn,
2025-07-31,四川省,社会消费品零售总额_累计值,16513.2,monthly,亿元,四川省统计局,https://data.stats.gov.cn,
2025-07-31,四川省,规模以上工业增加值_同比增速,7.2,monthly,%,四川省统计局,https://data.stats.gov.cn,
2025-08-31,四川省,房地产开发投资_同比增速,-6.5,monthly,%,四川省统计局,https://data.stats.gov.cn,
2025-08-31,四川省,社会消费品零售总额_同比增速,5.7,monthly,%,四川省统计局,https://data.stats.gov.cn,
2025-08-31,四川省,社会消费品零售总额_累计值,18761.4,monthly,亿元,四川省统计局,https://data.stats.gov.cn,
2025-08-31,四川省,规模以上工业增加值_同比增速,7.2,monthly,%,四川省统计局,https://data.stats.gov.cn,
2025-09-30,四川省,房地产开发投资_同比增速,-6.6,monthly,%,四川省统计局,https://data.stats.gov.cn,
2025-09-30,四川省,社会消费品零售总额_同比增速,5.8,monthly,%,四川省统计局,https://data.stats.gov.cn,
2025-09-30,四川省,社会消费品零售总额_累计值,21170.5,monthly,亿元,四川省统计局,https://data.stats.gov.cn,
2025-09-30,四川省,规模以上工业增加值_同比增速,7.1,monthly,%,四川省统计局,https://data.stats.gov.cn,
2025-10-31,四川省,房地产开发投资_同比增速,-6.7,monthly,%,四川省统计局,https://data.stats.gov.cn,
2025-10-31,四川省,社会消费品零售总额_同比增速,6.0,monthly,%,四川省统计局,https://data.stats.gov.cn,
2025-10-31,四川省,社会消费品零售总额_累计值,23990.4,monthly,亿元,四川省统计局,https://data.stats.gov.cn,
2025-10-31,四川省,规模以上工业增加值_同比增速,5.8,monthly,%,四川省统计局,https://data.stats.gov.cn,
2025-11-30,四川省,房地产开发投资_同比增速,-7.1,monthly,%,四川省统计局,https://data.stats.gov.cn,
2025-11-30,四川省,社会消费品零售总额_同比增速,5.5,monthly,%,四川省统计局,https://data.stats.gov.cn,
2025-11-30,四川省,社会消费品零售总额_累计值,26395.7,monthly,亿元,四川省统计局,https://data.stats.gov.cn,
2025-11-30,四川省,规模以上工业增加值_同比增速,6.8,monthly,%,四川省统计局,https://data.stats.gov.cn,
2025-12-31,四川省,房地产开发投资_同比增速,-8.5,monthly,%,四川省统计局,https://data.stats.gov.cn,
2025-12-31,四川省,社会消费品零售总额_同比增速,5.1,monthly,%,四川省统计局,https://data.stats.gov.cn,
2025-12-31,四川省,社会消费品零售总额_累计值,29135.4,monthly,亿元,四川省统计局,https://data.stats.gov.cn,
2025-12-31,四川省,规模以上工业增加值_同比增速,6.5,monthly,%,四川省统计局,https://data.stats.gov.cn,
